,Wife_age,Wife_education,Husband_education,Number_of_children_ever_born,Wife_religion,Wife_now_working,Husband_occupation,Standard-of-living_index,Media_exposure,Contraceptive_method_used
0,45,Low,Medium_High,10,Islam,No,Lawyer,High,Good,No-Use
1,43,Medium_Low,Medium_High,7,Islam,No,Lawyer,High,Good,No-Use
2,42,Medium_High,Medium_Low,9,Islam,No,Lawyer,Medium_High,Good,No-Use
3,36,Medium_High,Medium_High,8,Islam,No,Lawyer,Medium_Low,Good,No-Use
4,19,High,High,0,Islam,No,Lawyer,Medium_High,Good,No-Use
5,38,Medium_Low,Medium_High,6,Islam,No,Lawyer,Medium_Low,Good,No-Use
6,21,Medium_High,Medium_High,1,Islam,Yes,Lawyer,Medium_Low,Good,No-Use
7,27,Medium_Low,Medium_High,3,Islam,No,Lawyer,High,Good,No-Use
8,45,Low,Low,8,Islam,No,Doctor,Medium_Low,Not Good,No-Use
9,38,Low,Medium_High,2,Islam,Yes,Lawyer,Medium_High,Not Good,No-Use
10,42,Low,High,4,Islam,No,Engineer,Medium_High,Good,No-Use
11,44,High,High,1,Islam,Yes,Engineer,High,Good,No-Use
12,42,Medium_Low,High,1,Islam,Yes,Lawyer,Medium_High,Good,No-Use
13,38,Medium_High,High,2,Islam,No,Doctor,Medium_High,Good,No-Use
14,26,Medium_Low,High,0,Islam,No,Priest,Low,Good,No-Use
15,48,Low,Low,7,Islam,No,Doctor,High,Good,No-Use
16,39,Medium_Low,Medium_Low,6,Islam,No,Doctor,High,Good,No-Use
17,37,Medium_Low,Medium_Low,8,Islam,No,Doctor,Medium_High,Good,No-Use
18,39,Medium_Low,Low,5,Islam,No,Doctor,Low,Not Good,No-Use
19,26,Medium_High,High,1,Islam,Yes,Priest,Low,Good,No-Use
20,24,Medium_High,High,0,Islam,Yes,Lawyer,Low,Good,No-Use
21,46,High,High,1,Non_Islam,No,Engineer,High,Good,No-Use
22,39,High,High,1,Islam,No,Engineer,High,Good,No-Use
23,48,High,High,5,Islam,No,Engineer,High,Good,No-Use
24,40,Medium_Low,High,8,Islam,No,Lawyer,Medium_High,Good,No-Use
25,38,High,High,1,Islam,Yes,Engineer,High,Good,No-Use
26,29,High,High,0,Islam,Yes,Engineer,High,Good,No-Use
27,24,High,High,0,Islam,Yes,Doctor,Medium_Low,Good,No-Use
28,43,Low,Medium_Low,8,Islam,No,Doctor,High,Good,No-Use
29,31,Medium_High,High,2,Islam,No,Engineer,High,Good,No-Use
30,31,High,High,2,Islam,No,Lawyer,Medium_Low,Good,No-Use
31,26,Medium_Low,High,0,Islam,Yes,Engineer,Medium_Low,Good,No-Use
32,33,Medium_Low,Medium_Low,2,Islam,No,Lawyer,Low,Good,No-Use
33,24,Medium_Low,Medium_High,1,Islam,No,Lawyer,Medium_High,Good,No-Use
34,42,Low,Medium_High,9,Islam,No,Lawyer,Medium_Low,Not Good,No-Use
35,43,Low,Medium_Low,8,Islam,Yes,Lawyer,Low,Good,No-Use
36,25,Medium_High,Medium_High,4,Islam,No,Lawyer,Medium_Low,Good,No-Use
37,42,Medium_Low,Medium_Low,3,Islam,No,Lawyer,High,Good,No-Use
38,28,Medium_Low,Medium_Low,1,Islam,No,Doctor,High,Good,No-Use
39,28,Low,Low,3,Islam,No,Lawyer,Low,Good,No-Use
40,47,Medium_Low,Medium_High,0,Islam,Yes,Engineer,Medium_High,Good,No-Use
41,48,Medium_Low,High,2,Islam,No,Engineer,Medium_High,Good,No-Use
42,40,High,High,2,Non_Islam,No,Engineer,High,Good,No-Use
43,28,Medium_Low,Medium_Low,1,Islam,No,Lawyer,Medium_Low,Good,No-Use
44,25,Low,High,1,Islam,No,Doctor,Low,Good,No-Use
45,32,High,High,2,Islam,No,Doctor,Medium_High,Good,No-Use
46,45,High,High,0,Islam,No,Doctor,High,Good,No-Use
47,26,High,High,1,Islam,No,Engineer,High,Good,No-Use
48,26,High,High,0,Islam,Yes,Engineer,High,Good,No-Use
49,31,High,High,0,Islam,Yes,Engineer,High,Good,No-Use
50,49,High,High,7,Non_Islam,No,Doctor,High,Good,No-Use
51,40,Medium_High,High,8,Islam,No,Lawyer,Medium_High,Good,No-Use
52,34,High,High,1,Non_Islam,Yes,Doctor,Medium_High,Good,No-Use
53,36,Medium_Low,High,5,Islam,No,Doctor,Medium_High,Good,No-Use
54,20,Medium_Low,Medium_Low,2,Islam,No,Doctor,Medium_Low,Not Good,No-Use
55,43,High,High,5,Islam,Yes,Engineer,High,Good,No-Use
56,37,Medium_High,High,7,Islam,No,Doctor,Low,Good,No-Use
57,21,Medium_Low,Medium_High,0,Islam,No,Lawyer,High,Good,No-Use
58,49,High,High,6,Islam,No,Engineer,Medium_Low,Good,No-Use
59,42,Medium_High,Medium_High,10,Islam,No,Lawyer,Medium_High,Good,No-Use
60,20,Medium_Low,Medium_High,1,Islam,No,Doctor,Medium_High,Good,No-Use
61,47,Low,Medium_Low,2,Islam,Yes,Engineer,Medium_High,Good,No-Use
62,22,Medium_Low,Medium_High,1,Islam,No,Doctor,Low,Good,No-Use
63,27,Medium_Low,High,1,Islam,Yes,Engineer,Medium_High,Good,No-Use
64,24,Medium_Low,High,1,Islam,No,Lawyer,Low,Good,No-Use
65,44,High,Medium_Low,8,Islam,No,Lawyer,Medium_High,Good,No-Use
66,30,Medium_Low,Medium_High,3,Islam,No,Lawyer,Low,Good,No-Use
67,23,Medium_High,High,2,Islam,No,Lawyer,High,Good,No-Use
68,25,High,High,1,Islam,Yes,Lawyer,Medium_High,Good,No-Use
69,47,Medium_Low,Medium_High,4,Islam,No,Doctor,Medium_High,Good,No-Use
70,48,Medium_Low,Medium_High,8,Islam,No,Engineer,High,Good,No-Use
71,29,Medium_Low,Medium_High,1,Islam,No,Engineer,Low,Good,No-Use
72,29,Medium_Low,Medium_High,1,Islam,No,Engineer,Medium_Low,Good,No-Use
73,21,Medium_High,High,0,Islam,No,Doctor,Medium_High,Good,No-Use
74,21,Medium_High,High,1,Islam,No,Doctor,Medium_High,Good,No-Use
75,29,High,High,0,Islam,Yes,Doctor,High,Good,No-Use
76,45,Medium_High,High,3,Islam,No,Engineer,High,Good,No-Use
77,33,Medium_Low,Medium_High,2,Islam,No,Lawyer,Medium_Low,Good,No-Use
78,38,High,High,1,Islam,Yes,Engineer,High,Good,No-Use
79,24,High,High,0,Non_Islam,No,Engineer,High,Good,No-Use
80,49,High,High,6,Non_Islam,Yes,Engineer,High,Good,No-Use
81,24,Medium_Low,High,1,Islam,Yes,Priest,High,Good,No-Use
82,28,High,High,0,Non_Islam,Yes,Engineer,High,Good,No-Use
83,30,High,High,2,Islam,No,Engineer,High,Good,No-Use
84,33,High,High,2,Islam,No,Engineer,High,Good,No-Use
85,25,High,High,1,Islam,No,Engineer,Medium_High,Good,No-Use
86,35,High,High,3,Non_Islam,No,Engineer,High,Good,No-Use
87,27,Medium_Low,High,4,Islam,No,Engineer,High,Good,No-Use
88,24,Medium_Low,Medium_Low,3,Islam,Yes,Doctor,Low,Good,No-Use
89,25,Medium_Low,Medium_High,0,Islam,No,Doctor,Low,Good,No-Use
90,46,Medium_Low,High,6,Islam,No,Engineer,High,Good,No-Use
91,26,Medium_Low,Medium_Low,3,Islam,No,Doctor,Low,Good,No-Use
92,38,Medium_Low,Medium_Low,1,Islam,Yes,Lawyer,Medium_Low,Good,No-Use
93,47,Low,Medium_Low,3,Islam,No,Engineer,Medium_High,Good,No-Use
94,41,Low,Medium_High,10,Islam,No,Doctor,Medium_High,Not Good,No-Use
95,41,Medium_Low,Medium_High,1,Islam,Yes,Doctor,Medium_High,Good,No-Use
96,28,High,High,5,Islam,No,Doctor,Low,Good,No-Use
97,17,Medium_Low,Medium_Low,3,Islam,No,Lawyer,Low,Good,No-Use
98,27,Medium_Low,Medium_High,5,Islam,No,Doctor,Low,Good,No-Use
99,27,Low,Medium_Low,4,Islam,No,Lawyer,Low,Not Good,No-Use
100,19,Medium_Low,Medium_High,0,Islam,Yes,Doctor,Medium_Low,Good,No-Use
101,27,Medium_Low,High,3,Islam,Yes,Lawyer,Medium_Low,Good,No-Use
102,26,High,Medium_High,4,Islam,No,Doctor,Medium_High,Good,No-Use
103,23,Medium_Low,High,2,Islam,No,Lawyer,Medium_High,Good,No-Use
104,40,Medium_High,Medium_High,3,Islam,No,Lawyer,Medium_Low,Good,No-Use
105,22,High,High,0,Islam,No,Engineer,Low,Good,No-Use
106,44,Medium_High,High,4,Islam,Yes,Engineer,Medium_High,Good,No-Use
107,29,Medium_Low,Medium_High,2,Islam,No,Lawyer,Low,Good,No-Use
108,26,Medium_Low,Medium_High,3,Islam,No,Lawyer,Low,Good,No-Use
109,45,High,High,1,Islam,Yes,Lawyer,Medium_High,Good,No-Use
110,32,Medium_High,Medium_High,7,Islam,Yes,Doctor,Medium_High,Good,No-Use
111,21,High,High,1,Islam,No,Engineer,High,Good,No-Use
112,31,Medium_Low,Medium_Low,4,Islam,No,Lawyer,Medium_High,Good,No-Use
113,21,Medium_High,High,0,Islam,No,Engineer,Medium_High,Good,No-Use
114,37,High,High,1,Islam,No,Engineer,High,Good,No-Use
115,34,High,High,3,Non_Islam,Yes,Lawyer,Medium_High,Good,No-Use
116,44,Medium_High,High,1,Islam,No,Engineer,Medium_High,Good,No-Use
117,49,High,Medium_High,5,Islam,No,Doctor,Medium_High,Good,No-Use
118,26,Medium_Low,Medium_High,2,Islam,No,Lawyer,Medium_High,Good,No-Use
119,38,Low,Medium_Low,1,Islam,No,Doctor,High,Not Good,No-Use
120,36,Medium_Low,Medium_High,5,Islam,No,Doctor,Medium_High,Good,No-Use
121,26,Medium_High,High,2,Islam,No,Lawyer,Medium_High,Good,No-Use
122,20,Medium_Low,Medium_High,1,Non_Islam,No,Lawyer,Medium_Low,Good,No-Use
123,44,Medium_Low,Low,3,Islam,Yes,Lawyer,Medium_Low,Good,No-Use
124,31,Medium_High,High,2,Islam,No,Engineer,Medium_Low,Not Good,No-Use
125,45,High,High,1,Islam,No,Engineer,Medium_High,Good,No-Use
126,36,Medium_Low,Medium_High,2,Islam,No,Lawyer,Medium_Low,Not Good,No-Use
127,43,Low,Medium_High,2,Islam,Yes,Doctor,Medium_Low,Not Good,No-Use
128,25,Medium_High,High,0,Islam,No,Engineer,Medium_High,Good,No-Use
129,48,Medium_High,High,3,Islam,No,Lawyer,Low,Good,No-Use
130,30,High,High,0,Non_Islam,Yes,Engineer,Medium_High,Good,No-Use
131,48,Low,Medium_Low,8,Islam,No,Lawyer,Low,Good,No-Use
132,28,Medium_High,High,1,Islam,No,Lawyer,Low,Not Good,No-Use
133,26,High,High,1,Islam,No,Engineer,Medium_High,Good,No-Use
134,26,Medium_High,Medium_High,3,Islam,Yes,Doctor,High,Good,No-Use
135,24,High,High,2,Islam,No,Lawyer,Medium_High,Good,No-Use
136,21,Medium_High,Medium_High,2,Islam,No,Doctor,Medium_Low,Good,No-Use
137,30,High,High,2,Non_Islam,No,Lawyer,Low,Good,No-Use
138,20,High,High,1,Islam,No,Engineer,High,Good,No-Use
139,33,High,High,2,Islam,No,Engineer,Medium_High,Good,No-Use
140,30,High,High,0,Non_Islam,Yes,Lawyer,Medium_High,Good,No-Use
141,47,High,High,1,Islam,Yes,Engineer,Medium_High,Good,No-Use
142,35,High,High,2,Non_Islam,No,Lawyer,Medium_High,Good,No-Use
143,30,Medium_Low,High,2,Islam,No,Lawyer,High,Good,No-Use
144,33,High,High,3,Islam,No,Engineer,High,Good,No-Use
145,45,High,High,4,Islam,No,Doctor,Medium_High,Good,No-Use
146,41,High,High,2,Islam,No,Engineer,High,Good,No-Use
147,32,High,High,1,Islam,Yes,Engineer,Medium_High,Good,No-Use
148,43,High,High,5,Islam,No,Engineer,High,Good,No-Use
149,44,High,High,3,Islam,No,Doctor,High,Good,No-Use
150,21,Low,Medium_High,4,Islam,No,Lawyer,Medium_Low,Good,No-Use
151,44,Medium_High,High,2,Islam,No,Engineer,High,Not Good,No-Use
152,23,High,High,2,Islam,No,Doctor,High,Good,No-Use
153,47,Low,Medium_Low,4,Islam,No,Doctor,Medium_Low,Good,No-Use
154,47,Low,Low,7,Islam,No,Doctor,Medium_High,Not Good,No-Use
155,35,High,High,2,Islam,Yes,Doctor,High,Good,No-Use
156,32,Medium_Low,High,4,Islam,No,Lawyer,Medium_Low,Good,No-Use
157,45,Low,High,5,Islam,No,Engineer,Medium_Low,Not Good,No-Use
158,22,Medium_Low,Medium_Low,2,Islam,No,Lawyer,Low,Good,No-Use
159,23,Low,Low,3,Islam,No,Doctor,Low,Not Good,No-Use
160,30,High,High,0,Islam,Yes,Engineer,High,Good,No-Use
161,44,Low,Medium_High,0,Islam,No,Doctor,Medium_High,Good,No-Use
162,40,Medium_High,Medium_High,1,Islam,Yes,Lawyer,Medium_High,Good,No-Use
163,34,High,High,4,Islam,No,Doctor,Medium_High,Good,No-Use
164,37,Medium_High,High,1,Islam,No,Doctor,High,Good,No-Use
165,49,Medium_High,High,5,Islam,No,Engineer,High,Good,No-Use
166,26,High,High,1,Islam,No,Engineer,High,Good,No-Use
167,22,High,High,0,Islam,No,Doctor,High,Good,No-Use
168,20,Medium_High,High,0,Islam,Yes,Doctor,High,Good,No-Use
169,47,High,High,4,Islam,No,Engineer,High,Good,No-Use
170,49,Medium_Low,Medium_Low,8,Islam,Yes,Lawyer,Low,Good,No-Use
171,22,Medium_Low,High,1,Islam,No,Doctor,High,Good,No-Use
172,22,Medium_High,Medium_High,2,Islam,No,Lawyer,High,Good,No-Use
173,25,Medium_High,Medium_Low,2,Islam,No,Lawyer,Medium_Low,Good,No-Use
174,32,Medium_Low,High,0,Islam,Yes,Lawyer,High,Good,No-Use
175,28,High,High,0,Non_Islam,No,Engineer,Medium_High,Good,No-Use
176,30,Medium_Low,High,4,Islam,Yes,Engineer,High,Good,No-Use
177,45,Medium_Low,High,2,Islam,Yes,Doctor,High,Good,No-Use
178,49,Medium_Low,Low,10,Islam,Yes,Doctor,High,Good,No-Use
179,34,High,High,2,Islam,Yes,Engineer,High,Good,No-Use
180,25,Medium_Low,High,1,Islam,No,Doctor,Medium_Low,Good,No-Use
181,42,Low,Medium_High,12,Islam,No,Lawyer,Medium_High,Good,No-Use
182,48,Medium_Low,Low,3,Islam,Yes,Priest,Medium_High,Good,No-Use
183,35,Medium_High,High,5,Islam,Yes,Doctor,Medium_Low,Good,No-Use
184,33,Medium_Low,Medium_High,1,Islam,No,Lawyer,High,Good,No-Use
185,20,Medium_Low,High,0,Islam,No,Lawyer,Medium_Low,Good,No-Use
186,36,Medium_Low,Medium_High,4,Islam,No,Lawyer,Low,Not Good,No-Use
187,19,Medium_High,Medium_High,2,Islam,No,Lawyer,Medium_Low,Good,No-Use
188,27,Medium_High,Medium_Low,3,Islam,No,Lawyer,Medium_Low,Good,No-Use
189,30,Low,Medium_Low,4,Islam,No,Priest,Low,Good,No-Use
190,31,Medium_High,High,3,Islam,Yes,Lawyer,Medium_Low,Good,No-Use
191,44,Low,Low,11,Islam,No,Priest,Low,Not Good,No-Use
192,24,Medium_High,Medium_High,2,Islam,No,Lawyer,Medium_High,Good,No-Use
193,18,Medium_High,High,0,Islam,Yes,Lawyer,Low,Good,No-Use
194,45,Low,Medium_Low,6,Islam,No,Lawyer,Medium_High,Not Good,No-Use
195,25,Medium_Low,Medium_Low,3,Islam,Yes,Lawyer,Low,Good,No-Use
196,36,Medium_High,High,6,Islam,No,Doctor,High,Good,No-Use
197,30,Low,Low,5,Islam,No,Doctor,Medium_Low,Good,No-Use
198,32,Medium_Low,High,2,Islam,No,Lawyer,Medium_High,Good,No-Use
199,42,Low,High,11,Non_Islam,No,Doctor,Medium_Low,Not Good,No-Use
200,22,Medium_Low,High,0,Islam,No,Lawyer,Medium_High,Good,No-Use
201,36,Medium_Low,High,2,Islam,Yes,Doctor,High,Good,No-Use
202,27,Medium_Low,Medium_High,2,Islam,No,Lawyer,Medium_High,Good,No-Use
203,40,Medium_High,High,1,Islam,No,Engineer,Medium_Low,Good,No-Use
204,22,Medium_Low,Medium_High,2,Islam,No,Lawyer,Low,Good,No-Use
205,26,Medium_Low,High,0,Islam,No,Lawyer,Low,Good,No-Use
206,31,Medium_High,High,0,Islam,Yes,Doctor,Medium_High,Good,No-Use
207,32,High,High,1,Islam,No,Engineer,High,Good,No-Use
208,34,Medium_Low,Medium_High,3,Islam,Yes,Lawyer,Medium_Low,Good,No-Use
209,40,Medium_High,Medium_High,1,Non_Islam,No,Lawyer,High,Good,No-Use
210,45,Low,Medium_Low,1,Islam,Yes,Lawyer,Medium_High,Good,No-Use
211,26,Medium_High,High,3,Islam,No,Lawyer,Medium_Low,Good,No-Use
212,48,Low,Medium_High,5,Islam,No,Lawyer,Medium_Low,Good,No-Use
213,43,Low,Medium_High,8,Islam,No,Lawyer,Low,Good,No-Use
214,27,Medium_High,High,2,Islam,Yes,Doctor,Medium_Low,Good,No-Use
215,42,Medium_High,Medium_Low,1,Islam,No,Lawyer,Medium_High,Good,No-Use
216,34,Medium_High,Medium_Low,8,Islam,Yes,Doctor,Medium_High,Not Good,No-Use
217,32,Medium_High,Medium_Low,4,Islam,No,Doctor,Medium_Low,Not Good,No-Use
218,31,Medium_High,Medium_High,2,Islam,Yes,Doctor,Medium_High,Good,No-Use
219,22,Medium_Low,Medium_High,1,Islam,No,Lawyer,Medium_High,Good,No-Use
220,27,Medium_High,High,0,Islam,No,Lawyer,Medium_High,Good,No-Use
221,37,Low,Medium_Low,2,Islam,No,Doctor,Medium_Low,Not Good,No-Use
222,22,Low,Medium_Low,0,Islam,No,Doctor,High,Good,No-Use
223,47,High,High,4,Islam,No,Engineer,High,Good,No-Use
224,32,High,High,4,Islam,Yes,Engineer,Medium_High,Good,No-Use
225,37,Medium_High,Medium_High,2,Islam,No,Engineer,High,Good,No-Use
226,45,Low,Medium_High,1,Islam,No,Doctor,Medium_High,Not Good,No-Use
227,47,Low,High,8,Islam,No,Lawyer,Medium_High,Good,No-Use
228,28,Medium_High,High,0,Islam,No,Lawyer,Medium_Low,Good,No-Use
229,48,Low,Medium_High,4,Islam,No,Lawyer,High,Not Good,No-Use
230,26,Medium_Low,High,1,Islam,No,Engineer,Medium_High,Good,No-Use
231,21,Medium_High,High,0,Islam,Yes,Lawyer,Low,Good,No-Use
232,20,Medium_Low,Medium_High,1,Islam,No,Doctor,High,Good,No-Use
233,39,Low,Low,5,Islam,Yes,Lawyer,Low,Not Good,No-Use
234,27,Medium_Low,Medium_High,1,Islam,Yes,Lawyer,High,Good,No-Use
235,37,Medium_Low,Medium_High,5,Islam,Yes,Lawyer,Medium_Low,Good,No-Use
236,24,High,High,1,Islam,No,Lawyer,Medium_High,Good,No-Use
237,39,Medium_High,Medium_High,6,Islam,No,Lawyer,Medium_High,Good,No-Use
238,20,Medium_High,Medium_High,1,Islam,No,Doctor,Medium_High,Good,No-Use
239,19,Medium_High,High,1,Islam,No,Doctor,Medium_High,Good,No-Use
240,40,Medium_High,Medium_High,4,Islam,No,Doctor,Medium_Low,Good,No-Use
241,41,Low,High,4,Islam,No,Lawyer,Medium_High,Good,No-Use
242,22,High,High,2,Islam,No,Engineer,Medium_High,Good,No-Use
243,32,Medium_High,High,4,Islam,No,Engineer,High,Good,No-Use
244,34,High,High,2,Non_Islam,No,Engineer,High,Good,No-Use
245,34,High,High,2,Islam,Yes,Engineer,Medium_High,Good,No-Use
246,23,High,High,2,Islam,No,Engineer,High,Good,No-Use
247,27,High,High,1,Islam,No,Engineer,Medium_Low,Good,No-Use
248,46,Medium_High,Medium_Low,11,Islam,Yes,Doctor,Medium_Low,Not Good,No-Use
249,34,High,High,3,Non_Islam,No,Engineer,Medium_Low,Good,No-Use
250,33,High,High,5,Islam,No,Lawyer,Medium_High,Good,No-Use
251,25,Medium_High,Medium_High,1,Islam,No,Lawyer,Medium_Low,Good,No-Use
252,26,High,High,1,Islam,Yes,Engineer,High,Good,No-Use
253,48,Low,Medium_High,4,Islam,No,Lawyer,Medium_High,Not Good,No-Use
254,36,High,High,2,Islam,No,Lawyer,Medium_High,Good,No-Use
255,38,Medium_High,High,2,Non_Islam,No,Doctor,High,Good,No-Use
256,44,Low,Medium_Low,7,Islam,No,Lawyer,High,Good,No-Use
257,44,Medium_Low,Medium_Low,1,Islam,Yes,Lawyer,Medium_Low,Good,No-Use
258,39,Medium_High,Medium_High,1,Non_Islam,No,Lawyer,High,Good,No-Use
259,47,Low,Medium_Low,7,Islam,Yes,Lawyer,Medium_Low,Good,No-Use
260,43,Low,Medium_High,5,Islam,Yes,Lawyer,Medium_Low,Good,No-Use
261,29,Medium_High,Medium_High,3,Islam,Yes,Doctor,High,Good,No-Use
262,22,Medium_High,Medium_High,0,Islam,No,Doctor,Medium_Low,Good,No-Use
263,31,Medium_Low,High,5,Islam,No,Lawyer,Medium_Low,Good,No-Use
264,22,High,High,0,Islam,No,Engineer,Medium_High,Good,No-Use
265,45,Medium_High,High,6,Islam,No,Doctor,High,Good,No-Use
266,42,Medium_High,High,10,Islam,Yes,Lawyer,Medium_Low,Good,No-Use
267,38,Medium_High,Medium_High,7,Islam,No,Lawyer,Low,Good,No-Use
268,47,Low,Low,6,Islam,Yes,Lawyer,Low,Good,No-Use
269,30,High,High,2,Islam,No,Engineer,High,Good,No-Use
270,28,Medium_High,High,1,Islam,No,Lawyer,High,Good,No-Use
271,25,Medium_High,High,1,Islam,No,Doctor,Low,Good,No-Use
272,49,Medium_Low,High,6,Non_Islam,No,Doctor,Medium_High,Good,No-Use
273,23,Medium_High,High,2,Islam,Yes,Doctor,Medium_High,Good,No-Use
274,35,Medium_High,High,1,Non_Islam,No,Doctor,Medium_High,Good,No-Use
275,47,Medium_Low,Low,5,Non_Islam,No,Doctor,High,Good,No-Use
276,35,Medium_Low,Medium_High,0,Islam,No,Doctor,High,Good,No-Use
277,44,Medium_High,High,6,Islam,No,Lawyer,High,Good,No-Use
278,48,High,High,3,Islam,No,Doctor,High,Good,No-Use
279,43,Medium_Low,Medium_High,6,Islam,Yes,Lawyer,Medium_High,Good,No-Use
280,21,Medium_Low,High,2,Islam,No,Lawyer,Low,Good,No-Use
281,22,High,High,0,Islam,No,Engineer,High,Good,No-Use
282,41,Medium_High,Medium_High,5,Islam,No,Lawyer,High,Good,No-Use
283,29,Medium_Low,High,2,Islam,Yes,Priest,High,Not Good,No-Use
284,44,High,High,5,Non_Islam,No,Doctor,High,Good,No-Use
285,22,High,High,0,Islam,Yes,Engineer,High,Good,No-Use
286,23,Medium_Low,High,4,Islam,No,Lawyer,Medium_High,Good,No-Use
287,22,Medium_Low,Low,0,Islam,No,Lawyer,Medium_Low,Good,No-Use
288,35,Low,Medium_High,0,Islam,No,Doctor,Medium_Low,Not Good,No-Use
289,24,High,High,1,Islam,No,Doctor,Medium_Low,Good,No-Use
290,36,High,High,4,Islam,No,Engineer,High,Good,No-Use
291,47,Low,Medium_Low,2,Islam,No,Doctor,High,Good,No-Use
292,40,High,High,3,Islam,No,Lawyer,High,Good,No-Use
293,29,High,High,1,Islam,No,Engineer,Medium_High,Good,No-Use
294,49,Medium_High,High,6,Islam,No,Engineer,High,Good,No-Use
295,49,Medium_High,High,9,Islam,No,Engineer,High,Good,No-Use
296,47,High,High,2,Islam,No,Engineer,High,Good,No-Use
297,28,High,High,3,Non_Islam,No,Engineer,High,Good,No-Use
298,26,High,High,1,Islam,No,Engineer,High,Good,No-Use
299,29,Low,Medium_Low,7,Islam,No,Doctor,High,Good,No-Use
300,29,High,Medium_Low,0,Islam,Yes,Doctor,Medium_Low,Good,No-Use
301,25,Medium_High,Medium_High,1,Islam,No,Lawyer,High,Good,No-Use
302,24,Medium_Low,High,2,Islam,No,Lawyer,High,Good,No-Use
303,23,High,High,1,Islam,Yes,Doctor,High,Good,No-Use
304,23,High,High,2,Islam,Yes,Lawyer,Medium_High,Good,No-Use
305,44,Low,Medium_Low,2,Islam,No,Doctor,High,Good,No-Use
306,39,Medium_High,High,6,Islam,No,Engineer,High,Good,No-Use
307,21,Medium_High,Medium_High,0,Islam,No,Doctor,Medium_Low,Good,No-Use
308,22,Medium_High,High,2,Islam,No,Doctor,Medium_High,Good,No-Use
309,47,Medium_High,High,3,Islam,No,Doctor,Medium_High,Good,No-Use
310,36,Medium_High,Medium_High,2,Islam,Yes,Doctor,High,Good,No-Use
311,25,Low,High,2,Islam,Yes,Lawyer,Medium_High,Not Good,No-Use
312,40,High,High,2,Islam,No,Lawyer,High,Good,No-Use
313,36,Medium_Low,Medium_Low,0,Non_Islam,Yes,Lawyer,Medium_High,Good,No-Use
314,37,Medium_Low,Medium_High,5,Non_Islam,Yes,Doctor,High,Good,No-Use
315,28,Low,High,2,Islam,Yes,Doctor,Medium_High,Good,No-Use
316,30,Medium_High,Medium_High,5,Islam,Yes,Lawyer,High,Good,No-Use
317,16,Medium_High,High,1,Islam,No,Lawyer,Medium_High,Good,No-Use
318,32,Medium_Low,Medium_High,4,Non_Islam,No,Doctor,High,Good,No-Use
319,40,High,High,3,Non_Islam,No,Lawyer,High,Good,No-Use
320,40,Low,Low,2,Islam,Yes,Lawyer,High,Good,No-Use
321,45,Medium_High,High,2,Non_Islam,No,Engineer,High,Good,No-Use
322,21,Low,Medium_High,0,Islam,Yes,Lawyer,High,Not Good,No-Use
323,28,High,High,1,Non_Islam,No,Engineer,Medium_High,Good,No-Use
324,25,High,High,1,Non_Islam,No,Doctor,Medium_High,Good,No-Use
325,44,Low,Medium_High,4,Islam,No,Lawyer,Medium_High,Not Good,No-Use
326,35,High,High,2,Non_Islam,No,Lawyer,High,Good,No-Use
327,49,High,High,4,Islam,No,Lawyer,High,Good,No-Use
328,39,Medium_High,High,1,Non_Islam,No,Lawyer,High,Good,No-Use
329,32,Medium_High,High,1,Non_Islam,No,Doctor,High,Good,No-Use
330,35,Low,Medium_Low,0,Islam,Yes,Priest,High,Good,No-Use
331,21,Low,Medium_Low,1,Islam,Yes,Lawyer,High,Good,No-Use
332,47,High,High,1,Non_Islam,No,Engineer,High,Good,No-Use
333,27,High,High,1,Non_Islam,No,Lawyer,High,Good,No-Use
334,31,Medium_Low,Medium_Low,8,Islam,No,Doctor,Medium_Low,Not Good,No-Use
335,34,High,Medium_High,0,Non_Islam,Yes,Lawyer,Medium_High,Good,No-Use
336,30,High,High,3,Islam,Yes,Doctor,High,Good,No-Use
337,25,High,High,0,Islam,Yes,Doctor,High,Good,No-Use
338,28,Medium_High,High,3,Islam,No,Doctor,Low,Good,No-Use
339,30,Medium_Low,Medium_High,4,Islam,Yes,Lawyer,Medium_Low,Good,No-Use
340,42,Medium_High,Medium_High,8,Islam,No,Priest,Medium_High,Good,No-Use
341,23,High,High,0,Non_Islam,No,Doctor,High,Good,No-Use
342,45,Medium_High,High,3,Non_Islam,No,Lawyer,High,Good,No-Use
343,21,High,High,1,Islam,No,Lawyer,Medium_High,Good,No-Use
344,28,High,High,1,Non_Islam,No,Doctor,High,Good,No-Use
345,33,High,High,1,Non_Islam,Yes,Lawyer,High,Good,No-Use
346,32,Low,Medium_Low,4,Islam,No,Lawyer,Medium_Low,Not Good,No-Use
347,25,Medium_Low,Medium_Low,3,Islam,No,Lawyer,Medium_High,Good,No-Use
348,25,Medium_High,Medium_High,1,Islam,No,Lawyer,Low,Good,No-Use
349,19,Medium_Low,Medium_Low,2,Islam,No,Lawyer,Low,Good,No-Use
350,40,Low,Medium_Low,6,Islam,No,Lawyer,Low,Not Good,No-Use
351,24,Medium_Low,Medium_Low,2,Islam,No,Lawyer,Low,Not Good,No-Use
352,32,Medium_Low,Medium_Low,1,Islam,No,Doctor,Low,Good,No-Use
353,35,Medium_Low,Medium_High,8,Islam,No,Lawyer,Medium_Low,Good,No-Use
354,27,Medium_Low,Medium_Low,1,Islam,Yes,Lawyer,Medium_Low,Not Good,No-Use
355,23,Medium_Low,High,2,Islam,No,Engineer,High,Good,No-Use
356,22,Medium_Low,High,4,Islam,No,Lawyer,High,Good,No-Use
357,49,Medium_Low,Medium_High,0,Islam,No,Engineer,Medium_Low,Good,No-Use
358,25,Medium_Low,Medium_High,0,Islam,No,Doctor,High,Good,No-Use
359,18,Medium_High,High,1,Islam,No,Lawyer,Low,Good,No-Use
360,43,Medium_High,Medium_High,4,Islam,No,Doctor,High,Good,No-Use
361,37,Low,Medium_High,0,Islam,No,Lawyer,High,Good,No-Use
362,30,Medium_Low,Medium_High,2,Islam,Yes,Doctor,High,Good,No-Use
363,29,Medium_High,Medium_Low,0,Islam,No,Doctor,Medium_Low,Good,No-Use
364,20,Medium_Low,Medium_High,3,Islam,No,Lawyer,High,Good,No-Use
365,42,Medium_High,Medium_High,3,Islam,Yes,Doctor,High,Good,No-Use
366,23,High,High,1,Islam,No,Doctor,Medium_High,Good,No-Use
367,34,Medium_Low,Medium_High,7,Islam,Yes,Lawyer,Medium_High,Good,No-Use
368,23,Medium_High,Medium_High,6,Islam,No,Lawyer,Medium_High,Good,No-Use
369,38,Medium_High,Medium_High,5,Islam,No,Engineer,High,Good,No-Use
370,37,Medium_Low,Medium_High,4,Islam,No,Doctor,Medium_High,Good,No-Use
371,17,Medium_Low,Medium_High,1,Islam,No,Lawyer,Medium_Low,Good,No-Use
372,39,Medium_High,High,3,Islam,No,Engineer,High,Good,No-Use
373,49,Low,Medium_High,0,Islam,No,Lawyer,Medium_High,Not Good,No-Use
374,23,Medium_High,Medium_High,2,Islam,No,Doctor,Medium_Low,Good,No-Use
375,40,Medium_High,Medium_High,3,Islam,No,Doctor,Medium_Low,Not Good,No-Use
376,32,Medium_Low,High,5,Islam,No,Doctor,Medium_High,Good,No-Use
377,18,Medium_Low,Medium_High,1,Islam,No,Doctor,Medium_High,Good,No-Use
378,46,Low,Medium_Low,8,Islam,No,Lawyer,Medium_High,Not Good,No-Use
379,37,Medium_High,Medium_High,6,Islam,No,Doctor,Medium_Low,Good,No-Use
380,38,Medium_Low,High,5,Non_Islam,No,Doctor,Medium_Low,Good,No-Use
381,37,Medium_Low,Medium_High,2,Non_Islam,Yes,Lawyer,Medium_High,Good,No-Use
382,25,Medium_Low,Medium_High,1,Islam,Yes,Doctor,Low,Good,No-Use
383,38,Medium_Low,High,5,Islam,No,Lawyer,Medium_High,Good,No-Use
384,39,High,High,2,Islam,Yes,Engineer,High,Good,No-Use
385,44,High,High,3,Islam,Yes,Engineer,High,Not Good,No-Use
386,19,High,High,0,Non_Islam,No,Lawyer,High,Good,No-Use
387,28,Medium_Low,High,1,Islam,Yes,Lawyer,High,Good,No-Use
388,20,Medium_Low,Medium_High,1,Islam,No,Lawyer,High,Good,No-Use
389,33,High,High,0,Islam,Yes,Lawyer,Medium_High,Good,No-Use
390,33,High,High,5,Islam,No,Lawyer,High,Good,No-Use
391,47,Low,High,6,Islam,No,Engineer,High,Good,No-Use
392,25,Medium_High,Medium_High,0,Islam,No,Lawyer,High,Good,No-Use
393,29,High,High,0,Islam,Yes,Doctor,High,Good,No-Use
394,37,High,High,2,Non_Islam,No,Engineer,High,Good,No-Use
395,49,Low,Medium_High,6,Islam,No,Doctor,High,Good,No-Use
396,48,Low,Low,8,Islam,Yes,Doctor,Medium_Low,Not Good,No-Use
397,19,Medium_Low,Medium_Low,0,Islam,No,Doctor,Medium_Low,Good,No-Use
398,46,Low,Medium_Low,3,Islam,No,Doctor,Low,Not Good,No-Use
399,39,Low,Medium_Low,2,Islam,No,Lawyer,Low,Not Good,No-Use
400,30,Medium_High,High,5,Islam,No,Engineer,High,Good,No-Use
401,40,Medium_Low,Medium_Low,8,Islam,No,Doctor,Medium_Low,Good,No-Use
402,43,Low,Medium_Low,1,Islam,No,Lawyer,High,Not Good,No-Use
403,29,Medium_High,High,4,Islam,Yes,Engineer,Medium_High,Good,No-Use
404,23,Medium_High,Medium_High,2,Islam,No,Lawyer,Medium_High,Good,No-Use
405,24,Medium_Low,Medium_Low,3,Islam,No,Doctor,High,Good,No-Use
406,47,Medium_High,Medium_High,2,Islam,No,Doctor,High,Good,No-Use
407,35,Medium_High,Medium_High,2,Islam,Yes,Doctor,Medium_Low,Good,No-Use
408,19,Medium_High,Medium_High,1,Islam,No,Doctor,High,Good,No-Use
409,45,Medium_Low,Medium_High,4,Islam,Yes,Doctor,High,Good,No-Use
410,42,Medium_Low,High,2,Islam,No,Lawyer,High,Good,No-Use
411,47,Low,Low,1,Islam,No,Lawyer,High,Good,No-Use
412,25,Medium_Low,Medium_Low,2,Islam,No,Lawyer,Low,Good,No-Use
413,20,Medium_Low,Medium_High,3,Islam,No,Lawyer,High,Good,No-Use
414,33,Medium_High,Medium_High,6,Islam,No,Lawyer,High,Good,Long-Term
415,46,High,Medium_High,5,Islam,No,Engineer,High,Good,Long-Term
416,35,High,High,4,Islam,No,Engineer,High,Good,Long-Term
417,26,High,High,2,Islam,Yes,Engineer,High,Good,Long-Term
418,36,Medium_High,Medium_High,5,Islam,Yes,Engineer,Medium_High,Good,Long-Term
419,37,Medium_High,High,3,Islam,No,Engineer,Medium_High,Good,Long-Term
420,44,Medium_Low,High,4,Islam,No,Lawyer,Medium_High,Good,Long-Term
421,32,High,High,2,Islam,No,Engineer,High,Good,Long-Term
422,25,Medium_Low,High,6,Islam,No,Lawyer,High,Good,Long-Term
423,42,Medium_Low,Medium_High,7,Islam,No,Lawyer,High,Good,Long-Term
424,30,High,High,2,Non_Islam,Yes,Engineer,High,Good,Long-Term
425,39,High,High,4,Islam,No,Engineer,High,Good,Long-Term
426,26,Low,Low,2,Islam,No,Lawyer,High,Good,Long-Term
427,30,Medium_Low,High,3,Islam,No,Lawyer,High,Good,Long-Term
428,38,High,High,4,Non_Islam,Yes,Engineer,Medium_Low,Good,Long-Term
429,23,High,High,1,Islam,No,Engineer,Medium_Low,Good,Long-Term
430,18,Medium_High,High,1,Islam,No,Lawyer,High,Good,Long-Term
431,25,Medium_High,High,3,Islam,No,Doctor,Medium_High,Good,Long-Term
432,37,High,High,2,Islam,Yes,Lawyer,Medium_High,Good,Long-Term
433,20,Medium_High,High,1,Islam,No,Lawyer,Medium_Low,Good,Long-Term
434,45,High,High,7,Islam,No,Engineer,High,Good,Long-Term
435,28,Medium_Low,Low,2,Islam,Yes,Lawyer,Medium_High,Good,Long-Term
436,33,Medium_Low,Medium_Low,3,Islam,No,Doctor,Medium_High,Good,Long-Term
437,28,Medium_Low,Medium_High,2,Islam,No,Lawyer,Medium_High,Good,Long-Term
438,30,Medium_Low,High,1,Islam,Yes,Lawyer,High,Good,Long-Term
439,32,High,High,4,Islam,No,Doctor,High,Good,Long-Term
440,48,High,Medium_High,7,Islam,Yes,Doctor,High,Good,Long-Term
441,46,High,High,2,Islam,Yes,Engineer,High,Good,Long-Term
442,32,High,High,2,Non_Islam,Yes,Engineer,High,Good,Long-Term
443,49,High,High,10,Islam,No,Engineer,High,Good,Long-Term
444,33,Medium_Low,Medium_Low,6,Islam,Yes,Lawyer,High,Good,Long-Term
445,39,High,High,3,Islam,No,Engineer,High,Good,Long-Term
446,35,High,High,5,Non_Islam,Yes,Engineer,High,Good,Long-Term
447,36,High,High,3,Non_Islam,No,Engineer,Medium_High,Good,Long-Term
448,20,Medium_High,High,1,Islam,No,Doctor,High,Good,Long-Term
449,23,High,High,1,Islam,No,Lawyer,High,Good,Long-Term
450,26,Medium_Low,High,2,Islam,No,Engineer,Medium_High,Good,Long-Term
451,25,Medium_High,Medium_High,1,Islam,No,Lawyer,Low,Good,Long-Term
452,31,High,High,1,Islam,No,Engineer,High,Good,Long-Term
453,36,High,High,2,Islam,No,Doctor,High,Good,Long-Term
454,32,Medium_High,Medium_High,2,Islam,Yes,Lawyer,High,Good,Long-Term
455,36,High,High,3,Islam,No,Engineer,High,Good,Long-Term
456,40,High,High,3,Islam,No,Engineer,High,Good,Long-Term
457,46,High,High,4,Islam,No,Engineer,High,Good,Long-Term
458,42,High,High,8,Non_Islam,No,Engineer,High,Good,Long-Term
459,39,High,High,4,Islam,Yes,Engineer,High,Good,Long-Term
460,34,High,High,2,Islam,No,Engineer,High,Good,Long-Term
461,36,High,High,3,Islam,No,Engineer,High,Good,Long-Term
462,37,High,High,3,Islam,No,Engineer,High,Good,Long-Term
463,36,High,High,4,Non_Islam,No,Engineer,High,Good,Long-Term
464,38,High,High,2,Islam,No,Engineer,High,Good,Long-Term
465,27,Medium_High,Medium_High,1,Non_Islam,Yes,Doctor,High,Good,Long-Term
466,37,High,Medium_High,8,Islam,No,Engineer,High,Good,Long-Term
467,24,Low,High,1,Islam,Yes,Priest,Medium_Low,Not Good,Long-Term
468,42,Medium_Low,High,8,Islam,No,Engineer,High,Good,Long-Term
469,31,High,High,3,Non_Islam,Yes,Priest,High,Good,Long-Term
470,34,Medium_Low,Medium_High,2,Islam,No,Lawyer,Medium_High,Good,Long-Term
471,34,High,High,4,Islam,No,Lawyer,Medium_High,Good,Long-Term
472,36,High,High,4,Non_Islam,Yes,Engineer,High,Good,Long-Term
473,47,High,High,8,Islam,No,Engineer,High,Good,Long-Term
474,34,High,High,3,Islam,No,Engineer,High,Good,Long-Term
475,44,High,High,6,Non_Islam,No,Engineer,Medium_High,Good,Long-Term
476,21,High,High,1,Islam,No,Engineer,High,Good,Long-Term
477,42,High,High,6,Islam,No,Engineer,Medium_High,Good,Long-Term
478,44,High,High,4,Islam,Yes,Doctor,Medium_High,Good,Long-Term
479,19,High,High,1,Islam,No,Doctor,Medium_High,Good,Long-Term
480,35,Low,Medium_High,7,Islam,Yes,Doctor,Medium_High,Not Good,Long-Term
481,24,High,High,1,Islam,No,Lawyer,Medium_Low,Good,Long-Term
482,32,Medium_High,High,7,Non_Islam,No,Engineer,Medium_High,Good,Long-Term
483,31,Medium_High,Medium_High,2,Islam,Yes,Lawyer,Medium_High,Good,Long-Term
484,47,Medium_High,High,11,Islam,Yes,Doctor,Medium_High,Good,Long-Term
485,38,High,High,6,Islam,Yes,Lawyer,Medium_High,Good,Long-Term
486,40,High,High,4,Islam,No,Engineer,Medium_High,Good,Long-Term
487,35,Medium_High,Medium_High,4,Islam,No,Lawyer,Medium_Low,Good,Long-Term
488,26,Medium_High,High,3,Islam,No,Lawyer,High,Good,Long-Term
489,23,High,Medium_High,3,Islam,No,Lawyer,Medium_High,Good,Long-Term
490,40,High,High,6,Non_Islam,Yes,Engineer,High,Good,Long-Term
491,37,High,High,3,Islam,No,Engineer,High,Good,Long-Term
492,39,High,High,5,Islam,No,Doctor,High,Good,Long-Term
493,25,High,High,2,Islam,No,Doctor,High,Good,Long-Term
494,48,High,High,4,Non_Islam,No,Engineer,High,Good,Long-Term
495,31,High,High,3,Islam,No,Engineer,High,Good,Long-Term
496,26,High,High,1,Non_Islam,No,Doctor,High,Good,Long-Term
497,44,High,High,5,Islam,Yes,Engineer,High,Good,Long-Term
498,29,High,High,1,Islam,Yes,Doctor,High,Good,Long-Term
499,36,Medium_Low,Low,6,Islam,No,Doctor,Low,Good,Long-Term
500,29,High,High,2,Islam,Yes,Engineer,Medium_High,Good,Long-Term
501,37,Medium_Low,Medium_High,7,Islam,No,Lawyer,High,Good,Long-Term
502,28,Medium_High,Medium_High,3,Islam,No,Engineer,Medium_Low,Good,Long-Term
503,40,Medium_Low,Medium_High,6,Islam,No,Engineer,Medium_Low,Good,Long-Term
504,33,High,High,4,Islam,No,Engineer,High,Good,Long-Term
505,22,High,High,1,Islam,No,Engineer,Medium_Low,Good,Long-Term
506,35,Medium_High,High,5,Islam,Yes,Engineer,Medium_High,Not Good,Long-Term
507,32,High,High,3,Non_Islam,No,Lawyer,Medium_High,Good,Long-Term
508,35,High,High,5,Islam,Yes,Engineer,Medium_High,Good,Long-Term
509,29,High,High,2,Islam,No,Engineer,High,Good,Long-Term
510,23,Medium_High,Medium_High,2,Islam,Yes,Lawyer,High,Good,Long-Term
511,35,High,High,2,Islam,Yes,Engineer,High,Good,Long-Term
512,36,High,High,3,Islam,Yes,Doctor,High,Good,Long-Term
513,32,High,High,2,Islam,Yes,Engineer,High,Good,Long-Term
514,30,High,Low,4,Islam,No,Lawyer,Medium_High,Good,Long-Term
515,36,High,High,4,Non_Islam,No,Doctor,High,Good,Long-Term
516,33,High,High,3,Islam,No,Lawyer,High,Good,Long-Term
517,33,Medium_High,High,5,Non_Islam,No,Lawyer,Medium_High,Good,Long-Term
518,43,Medium_Low,High,13,Islam,No,Doctor,Medium_High,Good,Long-Term
519,35,Medium_High,Medium_High,6,Islam,No,Doctor,Medium_High,Good,Long-Term
520,38,High,High,5,Islam,No,Engineer,Medium_High,Good,Long-Term
521,25,Medium_High,Low,4,Islam,No,Lawyer,Low,Good,Long-Term
522,26,Medium_High,Medium_High,2,Islam,No,Lawyer,Medium_Low,Good,Long-Term
523,24,High,High,1,Islam,No,Lawyer,High,Good,Long-Term
524,22,Medium_High,High,1,Islam,No,Priest,High,Good,Long-Term
525,33,Medium_Low,Medium_High,5,Islam,Yes,Doctor,Low,Good,Long-Term
526,45,Medium_High,Medium_High,7,Islam,No,Lawyer,High,Good,Long-Term
527,29,High,High,2,Islam,Yes,Engineer,Medium_High,Good,Long-Term
528,47,Medium_Low,Medium_Low,7,Islam,No,Doctor,High,Good,Long-Term
529,36,Medium_High,Medium_Low,6,Islam,No,Lawyer,Medium_Low,Good,Long-Term
530,45,Medium_High,Medium_High,8,Islam,No,Doctor,Medium_High,Good,Long-Term
531,47,High,High,6,Islam,Yes,Engineer,High,Good,Long-Term
532,43,Medium_High,High,2,Islam,Yes,Doctor,High,Good,Long-Term
533,44,High,High,7,Islam,No,Lawyer,Medium_Low,Good,Long-Term
534,24,Medium_Low,High,2,Islam,No,Lawyer,Medium_High,Good,Long-Term
535,28,High,High,2,Islam,Yes,Engineer,Medium_High,Good,Long-Term
536,34,High,High,5,Islam,No,Lawyer,High,Good,Long-Term
537,31,Medium_High,High,4,Islam,No,Engineer,Medium_High,Good,Long-Term
538,27,High,High,3,Islam,No,Engineer,High,Good,Long-Term
539,27,Medium_High,Medium_High,1,Islam,Yes,Lawyer,High,Good,Long-Term
540,26,High,High,1,Islam,Yes,Engineer,Medium_High,Good,Long-Term
541,36,Medium_High,High,7,Islam,No,Doctor,Medium_Low,Good,Long-Term
542,35,High,High,4,Non_Islam,No,Lawyer,Medium_High,Good,Long-Term
543,38,High,High,6,Islam,No,Lawyer,Medium_High,Good,Long-Term
544,44,High,High,7,Islam,No,Doctor,High,Good,Long-Term
545,25,High,High,1,Islam,No,Engineer,High,Good,Long-Term
546,25,High,High,2,Non_Islam,No,Engineer,Medium_High,Good,Long-Term
547,41,High,High,4,Islam,No,Engineer,High,Good,Long-Term
548,41,Medium_High,High,5,Islam,No,Engineer,Medium_High,Good,Long-Term
549,24,High,High,1,Islam,Yes,Engineer,High,Good,Long-Term
550,33,High,High,3,Islam,No,Lawyer,Medium_High,Good,Long-Term
551,29,High,High,3,Islam,Yes,Lawyer,Medium_High,Good,Long-Term
552,47,High,High,4,Islam,Yes,Engineer,High,Good,Long-Term
553,28,High,High,4,Islam,No,Engineer,Medium_High,Good,Long-Term
554,21,Medium_Low,Medium_Low,1,Islam,No,Lawyer,Medium_Low,Good,Long-Term
555,32,Medium_High,Medium_High,6,Islam,Yes,Lawyer,Medium_High,Good,Long-Term
556,30,Medium_High,High,2,Islam,No,Engineer,High,Good,Long-Term
557,37,High,High,5,Islam,No,Lawyer,High,Good,Long-Term
558,29,High,Medium_High,4,Islam,Yes,Lawyer,Medium_Low,Good,Long-Term
559,38,High,High,3,Islam,Yes,Engineer,High,Good,Long-Term
560,49,Medium_High,Medium_High,11,Islam,No,Engineer,High,Good,Long-Term
561,41,Medium_High,Medium_High,5,Islam,No,Engineer,High,Good,Long-Term
562,43,Medium_High,High,5,Islam,No,Lawyer,Medium_Low,Not Good,Long-Term
563,47,Low,Low,10,Islam,No,Lawyer,Medium_High,Good,Long-Term
564,22,High,High,1,Islam,No,Engineer,Medium_High,Good,Long-Term
565,27,High,High,1,Non_Islam,Yes,Engineer,High,Good,Long-Term
566,34,Medium_High,High,2,Non_Islam,No,Doctor,Medium_High,Good,Long-Term
567,42,Medium_High,Medium_High,4,Islam,No,Doctor,High,Good,Long-Term
568,39,High,High,3,Non_Islam,Yes,Engineer,High,Good,Long-Term
569,36,High,High,3,Non_Islam,No,Doctor,High,Good,Long-Term
570,21,High,High,1,Islam,No,Doctor,Low,Good,Long-Term
571,36,Medium_High,High,4,Non_Islam,Yes,Doctor,High,Good,Long-Term
572,25,Medium_Low,Medium_High,1,Islam,Yes,Priest,High,Good,Long-Term
573,41,High,High,4,Non_Islam,Yes,Doctor,High,Good,Long-Term
574,32,High,High,4,Non_Islam,Yes,Doctor,High,Good,Long-Term
575,41,High,High,4,Non_Islam,Yes,Doctor,High,Good,Long-Term
576,43,High,High,3,Non_Islam,No,Engineer,High,Good,Long-Term
577,35,High,High,3,Islam,No,Doctor,Medium_High,Good,Long-Term
578,24,High,High,2,Islam,Yes,Engineer,Medium_High,Good,Long-Term
579,43,High,High,6,Islam,No,Engineer,High,Good,Long-Term
580,48,High,High,7,Non_Islam,No,Engineer,High,Good,Long-Term
581,28,High,High,2,Islam,No,Engineer,Medium_High,Good,Long-Term
582,24,High,High,1,Islam,No,Engineer,High,Good,Long-Term
583,42,High,High,3,Islam,Yes,Engineer,High,Good,Long-Term
584,39,High,High,3,Islam,No,Engineer,High,Good,Long-Term
585,24,High,High,1,Islam,No,Engineer,High,Good,Long-Term
586,33,High,Medium_High,5,Islam,No,Doctor,High,Good,Long-Term
587,29,High,High,2,Islam,No,Lawyer,High,Good,Long-Term
588,44,High,High,5,Islam,No,Engineer,High,Good,Long-Term
589,17,High,High,1,Islam,No,Doctor,High,Good,Long-Term
590,35,Medium_High,High,3,Islam,No,Doctor,Medium_Low,Good,Long-Term
591,32,Medium_High,High,5,Islam,No,Engineer,Medium_Low,Good,Long-Term
592,27,High,High,2,Islam,Yes,Engineer,Medium_High,Good,Long-Term
593,44,High,High,4,Islam,No,Engineer,High,Good,Long-Term
594,42,High,High,5,Islam,No,Engineer,High,Good,Long-Term
595,40,High,High,6,Islam,No,Engineer,Medium_High,Good,Long-Term
596,44,High,High,3,Islam,No,Engineer,High,Good,Long-Term
597,33,High,High,5,Islam,No,Doctor,High,Good,Long-Term
598,35,Medium_Low,High,3,Non_Islam,Yes,Lawyer,High,Not Good,Long-Term
599,31,High,Medium_Low,2,Non_Islam,No,Engineer,Medium_High,Good,Long-Term
600,37,High,High,3,Non_Islam,No,Lawyer,High,Good,Long-Term
601,45,High,High,3,Non_Islam,No,Doctor,High,Good,Long-Term
602,26,High,High,2,Non_Islam,No,Engineer,High,Good,Long-Term
603,40,Medium_High,High,2,Non_Islam,No,Lawyer,High,Good,Long-Term
604,30,High,High,1,Non_Islam,No,Doctor,High,Good,Long-Term
605,36,Medium_High,High,3,Non_Islam,Yes,Lawyer,High,Good,Long-Term
606,33,Medium_High,High,3,Non_Islam,No,Doctor,High,Good,Long-Term
607,41,High,High,5,Non_Islam,No,Doctor,High,Good,Long-Term
608,45,Medium_High,Medium_High,6,Non_Islam,No,Doctor,High,Good,Long-Term
609,48,High,High,6,Non_Islam,No,Doctor,High,Good,Long-Term
610,35,High,High,3,Non_Islam,Yes,Lawyer,High,Good,Long-Term
611,37,High,High,4,Non_Islam,Yes,Doctor,High,Good,Long-Term
612,46,High,High,3,Non_Islam,Yes,Engineer,High,Good,Long-Term
613,38,High,High,4,Non_Islam,No,Lawyer,High,Good,Long-Term
614,30,Medium_High,High,7,Islam,No,Doctor,High,Good,Long-Term
615,42,High,Medium_High,7,Islam,Yes,Engineer,High,Good,Long-Term
616,35,Medium_Low,Medium_Low,6,Islam,No,Lawyer,High,Good,Long-Term
617,34,High,High,6,Islam,No,Lawyer,High,Good,Long-Term
618,37,High,High,4,Islam,No,Engineer,High,Good,Long-Term
619,38,High,High,6,Islam,No,Engineer,High,Good,Long-Term
620,30,Medium_High,Medium_High,2,Islam,No,Doctor,Medium_High,Good,Long-Term
621,46,High,High,4,Islam,No,Engineer,High,Good,Long-Term
622,31,High,High,3,Non_Islam,No,Doctor,High,Good,Long-Term
623,41,High,High,6,Non_Islam,No,Engineer,High,Good,Long-Term
624,41,High,High,7,Islam,No,Doctor,High,Good,Long-Term
625,32,High,High,2,Non_Islam,Yes,Doctor,High,Good,Long-Term
626,44,High,High,4,Islam,No,Engineer,High,Good,Long-Term
627,39,High,High,4,Non_Islam,No,Engineer,High,Good,Long-Term
628,39,High,High,5,Islam,No,Engineer,High,Good,Long-Term
629,45,High,High,4,Islam,No,Engineer,High,Good,Long-Term
630,33,High,High,3,Islam,No,Engineer,High,Good,Long-Term
631,39,High,High,3,Non_Islam,No,Engineer,High,Good,Long-Term
632,44,High,High,3,Islam,Yes,Engineer,High,Good,Long-Term
633,34,Medium_High,Medium_High,6,Islam,No,Lawyer,High,Good,Long-Term
634,33,Medium_High,Medium_High,5,Islam,No,Lawyer,High,Good,Long-Term
635,34,Medium_Low,Medium_Low,8,Islam,No,Doctor,Medium_Low,Good,Long-Term
636,27,Medium_High,Medium_Low,5,Islam,No,Doctor,High,Good,Long-Term
637,47,Low,Low,8,Islam,No,Lawyer,High,Not Good,Long-Term
638,25,Medium_Low,High,3,Islam,No,Engineer,High,Not Good,Long-Term
639,24,Medium_High,High,5,Islam,No,Engineer,Medium_Low,Not Good,Long-Term
640,41,High,High,4,Islam,Yes,Engineer,High,Good,Long-Term
641,29,Medium_High,Medium_High,4,Islam,No,Lawyer,High,Good,Short-Term
642,27,Medium_Low,Medium_Low,5,Islam,No,Lawyer,Low,Good,Short-Term
643,40,Medium_High,High,5,Islam,No,Engineer,Medium_Low,Good,Short-Term
644,30,Medium_Low,Medium_Low,6,Islam,No,Lawyer,Low,Good,Short-Term
645,24,High,High,1,Islam,Yes,Engineer,High,Good,Short-Term
646,36,High,High,2,Islam,Yes,Engineer,High,Good,Short-Term
647,17,Medium_Low,Medium_Low,1,Islam,No,Lawyer,Medium_Low,Good,Short-Term
648,28,Low,Medium_Low,4,Islam,No,Doctor,Medium_High,Good,Short-Term
649,27,Medium_Low,High,1,Islam,No,Engineer,High,Good,Short-Term
650,21,Medium_High,Medium_High,1,Islam,No,Lawyer,Medium_High,Good,Short-Term
651,30,Medium_Low,Medium_Low,4,Islam,No,Doctor,High,Good,Short-Term
652,48,High,High,16,Islam,No,Engineer,High,Good,Short-Term
653,29,Medium_Low,High,3,Islam,Yes,Lawyer,Medium_High,Good,Short-Term
654,29,High,High,2,Islam,No,Lawyer,High,Good,Short-Term
655,20,Medium_High,High,2,Islam,No,Engineer,Medium_High,Good,Short-Term
656,28,High,High,1,Islam,No,Lawyer,Medium_Low,Good,Short-Term
657,32,Medium_Low,Medium_High,5,Islam,Yes,Doctor,Medium_High,Good,Short-Term
658,27,Medium_High,Medium_High,1,Islam,Yes,Lawyer,Medium_High,Good,Short-Term
659,25,Medium_Low,Medium_High,1,Islam,No,Lawyer,Low,Good,Short-Term
660,43,High,High,3,Islam,No,Engineer,High,Good,Short-Term
661,35,High,High,2,Islam,No,Doctor,High,Good,Short-Term
662,30,High,High,1,Islam,No,Engineer,High,Good,Short-Term
663,29,Low,High,3,Islam,No,Priest,High,Not Good,Short-Term
664,33,Medium_High,High,8,Islam,No,Lawyer,High,Good,Short-Term
665,37,Medium_High,High,5,Islam,Yes,Doctor,High,Good,Short-Term
666,27,Medium_Low,High,3,Islam,No,Priest,High,Good,Short-Term
667,33,Medium_Low,High,3,Islam,No,Doctor,High,Good,Short-Term
668,35,Medium_Low,Medium_High,6,Islam,Yes,Lawyer,Medium_High,Good,Short-Term
669,20,Medium_High,Medium_High,2,Islam,No,Doctor,High,Good,Short-Term
670,26,Medium_Low,High,3,Islam,No,Lawyer,High,Good,Short-Term
671,24,Medium_High,Medium_High,2,Islam,No,Lawyer,Medium_High,Good,Short-Term
672,45,Low,Medium_High,3,Islam,No,Lawyer,Medium_Low,Good,Short-Term
673,34,Medium_High,High,4,Islam,No,Engineer,Medium_High,Good,Short-Term
674,49,High,Medium_High,13,Islam,No,Engineer,High,Good,Short-Term
675,33,High,High,5,Islam,No,Engineer,High,Good,Short-Term
676,33,Medium_High,Medium_High,8,Islam,No,Lawyer,High,Good,Short-Term
677,24,Medium_High,High,3,Islam,No,Engineer,High,Good,Short-Term
678,30,Medium_Low,Medium_Low,4,Islam,No,Doctor,Low,Good,Short-Term
679,27,Medium_Low,High,4,Islam,No,Doctor,Low,Good,Short-Term
680,23,High,Medium_High,1,Islam,No,Doctor,Medium_Low,Good,Short-Term
681,35,High,High,4,Islam,No,Engineer,High,Good,Short-Term
682,35,High,High,1,Non_Islam,No,Engineer,High,Good,Short-Term
683,40,High,High,2,Non_Islam,Yes,Engineer,High,Good,Short-Term
684,29,Medium_High,Medium_High,1,Islam,No,Lawyer,Medium_High,Good,Short-Term
685,33,Medium_High,Medium_High,3,Islam,No,Lawyer,Medium_High,Good,Short-Term
686,36,High,High,6,Non_Islam,No,Engineer,Medium_Low,Not Good,Short-Term
687,36,High,High,4,Non_Islam,No,Engineer,High,Good,Short-Term
688,41,High,High,1,Islam,No,Lawyer,Medium_High,Good,Short-Term
689,38,Medium_High,High,3,Islam,No,Lawyer,Medium_Low,Good,Short-Term
690,29,Medium_Low,High,3,Islam,No,Lawyer,Medium_High,Good,Short-Term
691,19,High,High,1,Islam,No,Engineer,Medium_High,Good,Short-Term
692,34,Medium_Low,Medium_High,2,Islam,No,Doctor,Medium_High,Good,Short-Term
693,26,Medium_Low,High,3,Islam,No,Lawyer,High,Good,Short-Term
694,22,High,High,1,Islam,No,Doctor,Medium_High,Good,Short-Term
695,42,High,High,7,Islam,No,Doctor,High,Good,Short-Term
696,27,Medium_High,High,2,Islam,No,Lawyer,Medium_Low,Good,Short-Term
697,27,High,High,2,Islam,No,Engineer,High,Good,Short-Term
698,39,High,Medium_High,1,Islam,Yes,Doctor,Medium_Low,Good,Short-Term
699,21,High,High,1,Islam,No,Lawyer,Low,Good,Short-Term
700,36,Medium_Low,Medium_High,7,Islam,No,Lawyer,Medium_High,Good,Short-Term
701,29,Low,Medium_Low,5,Islam,Yes,Engineer,Medium_Low,Good,Short-Term
702,29,Medium_Low,Medium_High,4,Islam,No,Doctor,Low,Good,Short-Term
703,22,Medium_High,Medium_Low,2,Islam,No,Doctor,Low,Good,Short-Term
704,20,Medium_Low,Medium_High,1,Islam,No,Doctor,Low,Good,Short-Term
705,33,Medium_High,High,4,Islam,Yes,Doctor,High,Good,Short-Term
706,27,Medium_High,Medium_High,3,Islam,No,Doctor,Medium_High,Good,Short-Term
707,25,High,High,3,Islam,No,Engineer,High,Good,Short-Term
708,25,High,Medium_High,2,Islam,No,Lawyer,Medium_High,Good,Short-Term
709,32,Medium_Low,Medium_High,4,Islam,No,Lawyer,Medium_Low,Good,Short-Term
710,39,Medium_High,High,2,Islam,No,Engineer,Medium_High,Good,Short-Term
711,31,Medium_High,Medium_High,3,Islam,No,Doctor,Low,Not Good,Short-Term
712,26,High,High,4,Islam,No,Lawyer,High,Good,Short-Term
713,30,Medium_High,Medium_High,7,Islam,No,Lawyer,High,Good,Short-Term
714,43,Medium_High,Medium_High,5,Islam,Yes,Lawyer,Medium_High,Good,Short-Term
715,34,Medium_Low,High,4,Islam,No,Lawyer,Medium_High,Good,Short-Term
716,43,High,High,3,Islam,No,Engineer,High,Good,Short-Term
717,32,High,High,3,Non_Islam,No,Engineer,High,Good,Short-Term
718,41,High,High,5,Islam,No,Engineer,High,Good,Short-Term
719,32,High,High,3,Non_Islam,No,Engineer,High,Good,Short-Term
720,46,High,High,4,Islam,No,Engineer,High,Good,Short-Term
721,40,Medium_High,High,3,Islam,Yes,Engineer,High,Good,Short-Term
722,21,High,High,1,Islam,No,Doctor,Medium_High,Good,Short-Term
723,32,High,High,3,Islam,No,Engineer,High,Good,Short-Term
724,25,High,High,1,Non_Islam,No,Lawyer,Medium_High,Good,Short-Term
725,24,High,High,1,Islam,No,Engineer,Medium_High,Good,Short-Term
726,21,Medium_Low,Medium_High,1,Islam,Yes,Lawyer,Medium_Low,Good,Short-Term
727,22,High,High,1,Islam,No,Lawyer,Medium_High,Good,Short-Term
728,32,High,High,4,Islam,No,Engineer,Medium_High,Good,Short-Term
729,30,High,High,2,Islam,Yes,Doctor,Medium_Low,Good,Short-Term
730,25,Low,Medium_Low,2,Islam,No,Doctor,Low,Good,Short-Term
731,31,Medium_High,Medium_High,6,Non_Islam,No,Lawyer,Low,Good,Short-Term
732,19,Medium_Low,High,1,Islam,No,Doctor,Medium_High,Good,Short-Term
733,33,Medium_Low,Medium_Low,7,Islam,Yes,Doctor,Medium_High,Good,Short-Term
734,24,Medium_Low,Medium_Low,2,Islam,No,Lawyer,High,Good,Short-Term
735,19,Medium_High,Medium_High,3,Islam,No,Doctor,Medium_High,Good,Short-Term
736,27,Medium_Low,Medium_Low,5,Islam,No,Lawyer,Medium_High,Good,Short-Term
737,32,High,High,2,Non_Islam,Yes,Engineer,High,Good,Short-Term
738,32,High,High,2,Islam,Yes,Engineer,Medium_High,Good,Short-Term
739,29,Low,Medium_High,5,Islam,No,Lawyer,Medium_High,Good,Short-Term
740,23,Medium_High,High,1,Islam,No,Doctor,Medium_High,Good,Short-Term
741,34,Medium_Low,High,7,Islam,No,Doctor,Medium_High,Good,Short-Term
742,27,Medium_Low,High,1,Islam,No,Lawyer,Medium_High,Good,Short-Term
743,37,High,High,4,Islam,No,Lawyer,Medium_Low,Good,Short-Term
744,26,Medium_High,High,4,Islam,No,Doctor,Medium_High,Good,Short-Term
745,31,Medium_Low,Medium_High,7,Islam,No,Lawyer,Medium_High,Good,Short-Term
746,44,High,High,11,Islam,No,Engineer,High,Good,Short-Term
747,35,Medium_High,High,4,Islam,No,Engineer,High,Good,Short-Term
748,23,High,High,2,Islam,No,Lawyer,High,Good,Short-Term
749,24,Medium_Low,High,2,Islam,No,Engineer,High,Good,Short-Term
750,24,High,High,2,Islam,No,Engineer,High,Good,Short-Term
751,39,High,High,3,Islam,No,Doctor,High,Good,Short-Term
752,33,Medium_High,High,4,Islam,No,Lawyer,Medium_High,Good,Short-Term
753,24,Medium_Low,Medium_High,2,Islam,No,Doctor,Low,Good,Short-Term
754,35,High,High,4,Islam,No,Engineer,High,Good,Short-Term
755,35,High,High,6,Islam,No,Engineer,High,Good,Short-Term
756,34,High,High,2,Islam,No,Lawyer,Medium_High,Good,Short-Term
757,48,Medium_High,High,3,Islam,No,Doctor,Medium_High,Good,Short-Term
758,28,High,High,1,Islam,No,Engineer,Medium_High,Good,Short-Term
759,26,High,High,1,Islam,No,Lawyer,Medium_High,Good,Short-Term
760,43,Medium_High,Medium_High,8,Islam,No,Engineer,Medium_High,Good,Short-Term
761,28,Medium_Low,Medium_Low,5,Islam,Yes,Doctor,High,Good,Short-Term
762,22,Medium_High,High,3,Islam,No,Doctor,Medium_High,Good,Short-Term
763,26,Medium_High,Medium_High,3,Islam,No,Lawyer,Medium_High,Good,Short-Term
764,30,Medium_High,High,4,Islam,No,Lawyer,Medium_High,Good,Short-Term
765,38,High,High,5,Islam,No,Doctor,Medium_High,Good,Short-Term
766,44,High,High,8,Islam,No,Doctor,High,Good,Short-Term
767,25,High,High,1,Non_Islam,No,Engineer,High,Good,Short-Term
768,34,High,High,3,Islam,No,Engineer,High,Good,Short-Term
769,26,High,High,3,Islam,No,Lawyer,High,Good,Short-Term
770,20,High,High,2,Islam,No,Engineer,Medium_High,Good,Short-Term
771,39,High,High,2,Non_Islam,No,Engineer,Medium_High,Good,Short-Term
772,27,Medium_High,High,4,Islam,No,Lawyer,Medium_High,Good,Short-Term
773,32,High,High,2,Islam,Yes,Lawyer,High,Good,Short-Term
774,48,Medium_High,High,8,Islam,Yes,Engineer,High,Good,Short-Term
775,39,High,Medium_High,4,Islam,No,Lawyer,High,Good,Short-Term
776,37,High,High,3,Islam,Yes,Engineer,High,Good,Short-Term
777,33,High,High,2,Non_Islam,Yes,Engineer,Medium_High,Good,Short-Term
778,32,High,High,3,Islam,Yes,Engineer,High,Good,Short-Term
779,25,High,High,2,Islam,No,Engineer,Medium_High,Good,Short-Term
780,37,High,High,3,Islam,No,Doctor,High,Good,Short-Term
781,40,High,High,4,Islam,No,Engineer,High,Good,Short-Term
782,38,High,High,6,Islam,No,Doctor,High,Good,Short-Term
783,36,High,High,4,Islam,No,Engineer,High,Good,Short-Term
784,27,Medium_High,Medium_High,3,Islam,No,Doctor,Medium_Low,Good,Short-Term
785,22,Low,Medium_High,2,Islam,No,Lawyer,Low,Good,Short-Term
786,22,Medium_Low,Medium_Low,2,Islam,No,Doctor,Medium_High,Good,Short-Term
787,30,Medium_High,High,3,Islam,No,Doctor,Medium_High,Good,Short-Term
788,20,Medium_Low,Medium_Low,2,Islam,No,Lawyer,Medium_Low,Not Good,Short-Term
789,34,High,High,2,Islam,No,Engineer,High,Good,Short-Term
790,31,Medium_High,High,5,Islam,No,Lawyer,Low,Good,Short-Term
791,30,Medium_High,Medium_High,3,Islam,Yes,Lawyer,Medium_Low,Good,Short-Term
792,44,Medium_High,High,5,Islam,Yes,Engineer,High,Good,Short-Term
793,24,Medium_High,Medium_High,3,Islam,Yes,Doctor,Low,Good,Short-Term
794,19,High,High,2,Islam,No,Engineer,High,Good,Short-Term
795,28,High,High,5,Islam,No,Doctor,High,Good,Short-Term
796,27,High,High,1,Non_Islam,Yes,Engineer,Medium_High,Good,Short-Term
797,29,Medium_High,Medium_High,3,Islam,No,Doctor,Low,Good,Short-Term
798,37,High,High,3,Islam,No,Doctor,High,Good,Short-Term
799,32,Medium_Low,Medium_Low,8,Islam,No,Doctor,Low,Good,Short-Term
800,21,Medium_Low,Medium_Low,1,Islam,No,Priest,Medium_High,Good,Short-Term
801,33,Medium_Low,Medium_High,7,Islam,Yes,Lawyer,Low,Good,Short-Term
802,23,Medium_Low,Medium_High,2,Islam,No,Lawyer,Low,Good,Short-Term
803,36,Medium_Low,Medium_Low,5,Islam,No,Lawyer,High,Good,Short-Term
804,33,Medium_Low,High,3,Islam,No,Lawyer,High,Good,Short-Term
805,35,High,High,2,Islam,Yes,Engineer,High,Good,Short-Term
806,25,Medium_Low,Medium_High,4,Islam,No,Lawyer,Medium_High,Good,Short-Term
807,29,Medium_Low,High,4,Islam,Yes,Doctor,High,Good,Short-Term
808,23,Medium_High,Medium_High,1,Islam,No,Doctor,Medium_Low,Good,Short-Term
809,19,Medium_High,Medium_High,1,Islam,No,Doctor,Low,Good,Short-Term
810,35,Low,Medium_Low,6,Islam,No,Doctor,Medium_Low,Not Good,Short-Term
811,25,Medium_High,Medium_High,3,Islam,No,Lawyer,Medium_Low,Good,Short-Term
812,40,Medium_High,High,6,Islam,No,Engineer,Medium_High,Good,Short-Term
813,17,Medium_High,High,1,Islam,No,Doctor,Low,Good,Short-Term
814,25,Medium_Low,High,3,Islam,No,Lawyer,Medium_High,Good,Short-Term
815,24,Medium_High,Medium_High,1,Islam,No,Lawyer,Medium_Low,Good,Short-Term
816,23,High,High,1,Islam,No,Lawyer,Medium_High,Good,Short-Term
817,25,Medium_Low,High,3,Islam,No,Lawyer,Medium_Low,Good,Short-Term
818,30,Low,Medium_High,4,Islam,No,Lawyer,High,Good,Short-Term
819,31,Low,Low,3,Islam,No,Priest,Medium_Low,Not Good,Short-Term
820,26,Medium_High,High,2,Islam,No,Lawyer,Medium_High,Good,Short-Term
821,28,Medium_High,High,2,Islam,No,Doctor,Medium_High,Good,Short-Term
822,30,Medium_High,Medium_High,3,Islam,No,Lawyer,Low,Good,Short-Term
823,29,Medium_High,High,5,Islam,No,Engineer,Medium_Low,Good,Short-Term
824,24,Low,Medium_High,4,Islam,No,Lawyer,Medium_High,Good,Short-Term
825,26,Medium_High,High,2,Islam,No,Engineer,Medium_High,Good,Short-Term
826,25,Medium_High,Medium_High,3,Islam,No,Lawyer,Medium_High,Good,Short-Term
827,35,High,High,3,Islam,No,Engineer,High,Good,Short-Term
828,22,High,High,1,Islam,Yes,Doctor,High,Good,Short-Term
829,19,High,High,1,Islam,No,Doctor,High,Good,Short-Term
830,29,Medium_Low,Medium_High,5,Islam,No,Doctor,High,Good,Short-Term
831,21,Medium_High,High,2,Islam,No,Lawyer,Medium_High,Good,Short-Term
832,21,Medium_High,Medium_High,1,Islam,No,Lawyer,Medium_High,Good,Short-Term
833,41,Low,High,9,Islam,No,Doctor,Low,Good,Short-Term
834,37,Medium_Low,High,3,Islam,No,Doctor,Medium_High,Good,Short-Term
835,27,High,High,3,Islam,No,Lawyer,High,Not Good,Short-Term
836,26,Medium_Low,Medium_High,2,Islam,No,Doctor,Medium_High,Good,Short-Term
837,37,High,High,6,Islam,Yes,Lawyer,High,Good,Short-Term
838,25,Medium_High,Medium_High,3,Islam,No,Doctor,Low,Good,Short-Term
839,32,High,Medium_High,3,Islam,No,Doctor,High,Good,Short-Term
840,34,Low,High,4,Islam,No,Lawyer,High,Not Good,Short-Term
841,23,High,High,2,Islam,Yes,Doctor,High,Good,Short-Term
842,28,Medium_High,High,2,Islam,No,Lawyer,High,Good,Short-Term
843,24,Medium_High,High,1,Islam,No,Lawyer,High,Good,Short-Term
844,32,Medium_Low,Medium_High,4,Islam,Yes,Doctor,Medium_Low,Good,Short-Term
845,22,Low,Medium_Low,3,Islam,No,Lawyer,Low,Not Good,Short-Term
846,25,Medium_High,Medium_High,1,Islam,No,Doctor,Low,Good,Short-Term
847,25,Medium_Low,Medium_High,2,Islam,No,Doctor,High,Good,Short-Term
848,38,Medium_Low,Medium_High,3,Islam,No,Doctor,High,Good,Short-Term
849,33,Medium_Low,Medium_Low,2,Islam,No,Lawyer,High,Good,Short-Term
850,41,High,High,8,Islam,No,Engineer,High,Good,Short-Term
851,29,Medium_High,Medium_High,4,Islam,No,Lawyer,High,Good,Short-Term
852,22,Medium_High,High,1,Islam,Yes,Engineer,High,Good,Short-Term
853,29,Medium_High,Medium_High,6,Islam,No,Lawyer,Medium_High,Good,Short-Term
854,26,Medium_High,High,3,Islam,No,Lawyer,Medium_High,Good,Short-Term
855,28,Medium_Low,Medium_High,3,Islam,No,Lawyer,High,Good,Short-Term
856,27,High,High,1,Non_Islam,No,Lawyer,High,Good,Short-Term
857,29,Medium_Low,High,2,Islam,No,Lawyer,Medium_Low,Good,Short-Term
858,24,Medium_High,High,2,Islam,No,Lawyer,Medium_High,Good,Short-Term
859,29,Medium_High,High,3,Islam,No,Lawyer,Medium_Low,Good,Short-Term
860,38,Medium_High,High,7,Islam,No,Lawyer,Medium_Low,Good,Short-Term
861,23,Medium_High,Medium_Low,2,Islam,Yes,Lawyer,Medium_Low,Good,Short-Term
862,20,High,Medium_High,1,Islam,No,Lawyer,High,Good,Short-Term
863,32,Low,High,4,Islam,No,Lawyer,Medium_Low,Good,Short-Term
864,25,Medium_Low,Medium_High,2,Islam,No,Lawyer,Low,Good,Short-Term
865,26,Low,Medium_Low,3,Islam,Yes,Lawyer,Medium_Low,Good,Short-Term
866,23,Low,Medium_Low,3,Islam,No,Lawyer,Medium_Low,Not Good,Short-Term
867,23,High,High,3,Islam,No,Lawyer,Medium_High,Good,Short-Term
868,28,Medium_High,High,5,Islam,No,Doctor,High,Good,Short-Term
869,22,High,High,3,Islam,No,Lawyer,Medium_Low,Good,Short-Term
870,28,Medium_Low,High,4,Islam,No,Lawyer,High,Good,Short-Term
871,26,Medium_High,Medium_High,3,Islam,No,Lawyer,Medium_High,Good,Short-Term
872,26,Medium_Low,Medium_High,2,Islam,No,Lawyer,Medium_High,Good,Short-Term
873,24,High,Medium_High,3,Islam,No,Lawyer,Medium_High,Good,Short-Term
874,29,High,High,3,Islam,Yes,Engineer,High,Good,Short-Term
875,29,Medium_High,High,4,Islam,Yes,Engineer,Medium_High,Good,Short-Term
876,42,High,High,5,Islam,No,Engineer,High,Good,Short-Term
877,27,High,High,2,Islam,No,Lawyer,High,Good,Short-Term
878,35,Medium_High,High,5,Islam,No,Engineer,High,Good,Short-Term
879,21,Medium_High,High,1,Islam,No,Lawyer,Medium_Low,Good,Short-Term
880,21,Low,Medium_High,1,Islam,No,Lawyer,Medium_High,Not Good,Short-Term
881,22,Medium_High,High,1,Islam,No,Lawyer,Medium_High,Good,Short-Term
882,28,Medium_High,Medium_High,4,Islam,No,Lawyer,Medium_High,Good,Short-Term
883,22,Medium_High,High,1,Non_Islam,Yes,Engineer,High,Good,Short-Term
884,23,Medium_High,Medium_Low,1,Islam,No,Lawyer,Medium_High,Good,Short-Term
885,28,Medium_High,Medium_High,2,Non_Islam,No,Doctor,Medium_High,Good,Short-Term
886,30,High,High,3,Non_Islam,Yes,Doctor,High,Good,Short-Term
887,25,Medium_High,High,3,Islam,Yes,Lawyer,High,Good,Short-Term
888,33,High,High,4,Islam,No,Doctor,Medium_High,Good,Short-Term
889,33,Medium_High,High,6,Islam,No,Lawyer,Medium_Low,Good,Short-Term
890,30,High,High,2,Non_Islam,Yes,Lawyer,Medium_High,Good,Short-Term
891,22,Medium_Low,High,1,Islam,No,Lawyer,Medium_High,Good,Short-Term
892,38,Medium_High,Medium_High,2,Non_Islam,No,Lawyer,High,Good,Short-Term
893,35,High,Medium_High,2,Non_Islam,No,Lawyer,High,Good,Short-Term
894,34,Medium_Low,Medium_Low,4,Non_Islam,No,Lawyer,Medium_Low,Good,Short-Term
895,39,High,High,2,Non_Islam,No,Lawyer,High,Good,Short-Term
896,47,High,Medium_High,4,Islam,No,Engineer,Medium_High,Good,Short-Term
897,38,High,High,2,Islam,Yes,Engineer,High,Good,Short-Term
898,43,High,High,5,Islam,No,Engineer,High,Good,Short-Term
899,21,Medium_High,Medium_High,1,Islam,No,Doctor,Medium_Low,Good,Short-Term
900,30,Medium_High,High,2,Islam,No,Engineer,Medium_Low,Good,Short-Term
901,27,Medium_High,High,2,Islam,No,Engineer,Medium_High,Good,Short-Term
902,22,High,High,1,Non_Islam,No,Lawyer,Low,Good,Short-Term
903,25,Low,Medium_Low,3,Islam,No,Doctor,Medium_High,Good,Short-Term
904,22,Low,Medium_High,2,Islam,No,Lawyer,Medium_Low,Good,Short-Term
905,28,High,High,4,Islam,No,Doctor,Medium_High,Good,Short-Term
906,25,Medium_High,Medium_High,2,Islam,No,Doctor,Medium_High,Good,Short-Term
907,26,High,High,2,Islam,Yes,Lawyer,Medium_High,Good,Short-Term
908,31,Medium_High,Medium_High,3,Islam,No,Lawyer,Low,Not Good,Short-Term
909,32,Low,Medium_High,4,Islam,No,Lawyer,Medium_High,Good,Short-Term
910,35,Medium_Low,High,6,Islam,No,Lawyer,High,Good,Short-Term
911,24,Medium_Low,Medium_High,5,Islam,No,Lawyer,Medium_High,Good,Short-Term
912,28,High,High,2,Islam,No,Engineer,High,Good,Short-Term
913,36,High,High,3,Non_Islam,Yes,Doctor,High,Good,Short-Term
914,47,High,High,5,Islam,No,Engineer,Medium_High,Good,Short-Term
915,26,High,High,2,Islam,Yes,Engineer,High,Good,Short-Term
916,22,Medium_High,High,2,Non_Islam,No,Lawyer,High,Good,Short-Term
917,30,High,High,2,Islam,No,Priest,Medium_High,Good,Short-Term
918,41,High,High,5,Islam,No,Engineer,High,Good,Short-Term
919,19,High,High,1,Islam,No,Lawyer,Medium_Low,Good,Short-Term
920,45,Medium_High,High,2,Non_Islam,No,Lawyer,Medium_High,Good,Short-Term
921,35,Low,Medium_Low,5,Islam,No,Doctor,Medium_Low,Not Good,Short-Term
922,21,Medium_Low,Medium_Low,1,Islam,No,Lawyer,Medium_Low,Good,Short-Term
923,32,Low,Medium_Low,6,Non_Islam,No,Doctor,Medium_High,Good,Short-Term
924,32,Medium_High,High,5,Non_Islam,No,Lawyer,High,Good,Short-Term
925,46,Medium_Low,Medium_High,6,Non_Islam,Yes,Lawyer,High,Good,Short-Term
926,41,Low,Medium_Low,6,Islam,No,Lawyer,Medium_High,Good,Short-Term
927,36,High,High,3,Non_Islam,No,Lawyer,High,Good,Short-Term
928,37,Medium_High,High,3,Non_Islam,No,Lawyer,High,Good,Short-Term
929,37,Medium_High,High,4,Non_Islam,No,Doctor,High,Good,Short-Term
930,35,High,High,3,Non_Islam,No,Lawyer,High,Good,Short-Term
931,29,Medium_Low,Medium_High,4,Islam,No,Lawyer,Medium_Low,Good,Short-Term
932,28,High,High,2,Non_Islam,No,Doctor,High,Good,Short-Term
933,46,High,High,4,Non_Islam,No,Engineer,High,Good,Short-Term
934,34,High,Medium_High,3,Non_Islam,No,Doctor,High,Good,Short-Term
935,43,Medium_High,Medium_High,2,Non_Islam,Yes,Lawyer,High,Good,Short-Term
936,28,High,High,3,Non_Islam,Yes,Lawyer,High,Good,Short-Term
937,28,Medium_High,Medium_High,3,Islam,Yes,Doctor,High,Good,Short-Term
938,34,High,High,6,Islam,No,Doctor,Medium_Low,Good,Short-Term
939,27,Medium_Low,High,4,Islam,No,Lawyer,High,Good,Short-Term
940,36,Low,Medium_High,6,Islam,No,Lawyer,Medium_Low,Good,Short-Term
941,17,Medium_Low,Medium_Low,0,Islam,Yes,Lawyer,Medium_Low,Good,Short-Term
942,21,Medium_High,Medium_High,1,Islam,No,Lawyer,Medium_Low,Good,Short-Term
943,25,Medium_Low,Medium_Low,1,Islam,No,Lawyer,Low,Good,Short-Term
944,23,Medium_Low,Medium_High,2,Islam,Yes,Lawyer,Medium_Low,Good,Short-Term
945,25,Medium_Low,Medium_Low,1,Islam,No,Lawyer,Medium_High,Good,Short-Term
946,35,Low,Medium_Low,4,Islam,Yes,Priest,High,Good,Short-Term
947,32,Medium_High,High,4,Islam,No,Lawyer,Medium_Low,Good,Short-Term
948,37,Medium_Low,Medium_High,5,Islam,No,Priest,Medium_Low,Good,Short-Term
949,31,Medium_High,High,4,Islam,Yes,Lawyer,Medium_High,Good,Short-Term
950,25,Medium_High,High,3,Islam,No,Lawyer,High,Good,Short-Term
951,26,Medium_High,High,4,Islam,No,Doctor,High,Good,Short-Term
952,39,Low,Medium_Low,2,Islam,Yes,Doctor,High,Good,Short-Term
953,21,Medium_High,Medium_High,2,Islam,No,Doctor,Medium_High,Good,Short-Term
954,35,Medium_High,Medium_Low,9,Islam,Yes,Lawyer,High,Good,Short-Term
955,20,Medium_Low,Medium_Low,1,Islam,No,Lawyer,Medium_Low,Good,Short-Term
956,40,Medium_Low,Medium_High,5,Islam,No,Lawyer,Medium_High,Good,Short-Term
957,41,Medium_High,Medium_High,7,Non_Islam,No,Doctor,High,Good,Short-Term
958,36,Medium_Low,High,8,Islam,No,Engineer,High,Good,Short-Term
959,40,Medium_Low,High,3,Non_Islam,No,Lawyer,High,Good,Short-Term
960,32,High,High,3,Islam,Yes,Engineer,High,Good,Short-Term
961,24,Medium_High,High,4,Islam,No,Doctor,Medium_High,Good,Short-Term
962,20,Medium_High,High,1,Non_Islam,No,Doctor,High,Good,Short-Term
963,32,High,High,4,Islam,Yes,Engineer,High,Good,Short-Term
964,22,Medium_Low,Medium_Low,3,Islam,Yes,Lawyer,Medium_High,Good,Short-Term
965,30,Medium_High,Medium_High,4,Islam,Yes,Doctor,Medium_Low,Good,Short-Term
966,31,High,High,3,Islam,Yes,Engineer,High,Good,Short-Term
967,35,Medium_High,High,5,Islam,No,Engineer,High,Good,Short-Term
968,38,High,High,2,Islam,No,Lawyer,High,Good,Short-Term
969,31,High,High,1,Islam,No,Engineer,High,Good,Short-Term
970,25,High,High,2,Islam,No,Doctor,High,Good,Short-Term
971,30,High,High,2,Islam,No,Engineer,High,Good,Short-Term
972,22,Low,Medium_Low,2,Islam,No,Lawyer,High,Good,Short-Term
973,31,High,High,3,Islam,No,Engineer,High,Good,Short-Term
974,29,High,High,3,Islam,No,Lawyer,High,Good,Short-Term
975,29,Medium_Low,Medium_High,3,Islam,Yes,Lawyer,Medium_Low,Good,Short-Term
976,38,High,High,3,Non_Islam,Yes,Lawyer,Medium_High,Not Good,Short-Term
977,22,Medium_High,High,2,Islam,No,Doctor,High,Good,Short-Term
978,45,High,High,3,Islam,No,Engineer,High,Good,Short-Term
979,26,Medium_High,High,3,Islam,No,Lawyer,Medium_Low,Good,Short-Term
980,37,High,High,3,Non_Islam,No,Lawyer,High,Good,Short-Term
981,36,High,High,3,Non_Islam,No,Doctor,High,Good,Short-Term
982,33,High,High,2,Islam,No,Doctor,High,Good,Short-Term
983,32,High,High,3,Islam,Yes,Engineer,High,Good,Short-Term
984,35,High,High,4,Non_Islam,Yes,Engineer,High,Good,Short-Term
985,25,High,High,1,Islam,No,Engineer,High,Good,Short-Term
986,31,High,High,3,Islam,No,Priest,High,Good,Short-Term
987,25,Medium_Low,Medium_High,5,Islam,No,Doctor,Medium_High,Good,Short-Term
988,26,Medium_High,Medium_Low,5,Islam,No,Doctor,Medium_Low,Good,Short-Term
989,23,Medium_Low,Medium_High,3,Islam,No,Doctor,Medium_High,Good,Short-Term
990,28,Medium_High,High,3,Islam,No,Engineer,High,Good,Short-Term
991,34,Medium_High,High,3,Non_Islam,Yes,Lawyer,High,Good,Short-Term
992,46,Medium_High,High,9,Islam,No,Lawyer,High,Good,Short-Term
993,25,High,High,1,Islam,No,Engineer,High,Good,Short-Term
994,21,Medium_Low,Low,3,Islam,Yes,Lawyer,Low,Not Good,Short-Term
995,25,Medium_Low,Medium_High,4,Islam,Yes,Lawyer,Medium_Low,Good,Short-Term
996,28,Medium_Low,Medium_High,6,Islam,No,Doctor,High,Good,Short-Term
997,36,Medium_Low,High,11,Islam,No,Engineer,High,Not Good,Short-Term
998,46,Low,Medium_Low,9,Islam,Yes,Lawyer,High,Not Good,Short-Term
999,35,Medium_Low,Medium_Low,6,Islam,Yes,Lawyer,Low,Not Good,No-Use
1000,41,Medium_High,Medium_Low,11,Islam,No,Doctor,Medium_High,Good,No-Use
1001,27,Medium_Low,High,1,Islam,Yes,Engineer,Low,Good,No-Use
1002,25,High,High,0,Islam,Yes,Lawyer,High,Good,No-Use
1003,23,Medium_Low,Medium_Low,2,Islam,No,Lawyer,Medium_High,Good,No-Use
1004,48,Low,Low,1,Islam,Yes,Lawyer,Medium_High,Not Good,No-Use
1005,23,High,High,0,Islam,Yes,Engineer,High,Good,No-Use
1006,31,Medium_High,High,2,Islam,No,Lawyer,Medium_High,Good,No-Use
1007,49,High,High,1,Islam,No,Lawyer,High,Good,No-Use
1008,42,Medium_Low,Medium_High,2,Islam,No,Engineer,High,Good,No-Use
1009,26,Medium_Low,High,3,Islam,No,Lawyer,High,Good,No-Use
1010,21,Medium_Low,Medium_Low,1,Islam,No,Lawyer,Medium_Low,Good,No-Use
1011,29,Medium_High,High,4,Islam,No,Engineer,High,Good,No-Use
1012,38,Low,Medium_Low,12,Islam,No,Doctor,Medium_High,Good,No-Use
1013,25,High,High,2,Islam,No,Lawyer,Medium_Low,Good,No-Use
1014,22,High,High,0,Islam,No,Lawyer,Medium_Low,Good,No-Use
1015,20,Medium_High,High,0,Islam,No,Lawyer,Medium_High,Good,No-Use
1016,35,High,High,1,Islam,No,Engineer,Medium_High,Good,No-Use
1017,32,Medium_Low,Medium_High,1,Islam,No,Lawyer,Medium_High,Good,No-Use
1018,38,Medium_Low,High,3,Islam,No,Engineer,Medium_High,Good,No-Use
1019,27,Low,Medium_Low,4,Islam,No,Engineer,High,Not Good,No-Use
1020,41,Medium_Low,High,1,Islam,No,Doctor,Medium_High,Good,No-Use
1021,28,Medium_High,High,0,Islam,Yes,Engineer,Medium_High,Good,No-Use
1022,23,High,High,1,Islam,Yes,Lawyer,Medium_High,Good,No-Use
1023,27,High,High,1,Non_Islam,Yes,Doctor,High,Good,No-Use
1024,33,High,High,2,Non_Islam,No,Engineer,High,Good,No-Use
1025,39,Medium_Low,Medium_Low,5,Islam,Yes,Lawyer,Medium_Low,Not Good,No-Use
1026,41,Medium_Low,Medium_Low,5,Non_Islam,No,Doctor,Medium_Low,Good,No-Use
1027,40,Medium_Low,Medium_Low,8,Islam,No,Engineer,Medium_High,Good,No-Use
1028,43,Medium_High,High,10,Islam,No,Lawyer,Medium_High,Good,No-Use
1029,35,Medium_High,High,6,Islam,Yes,Doctor,Medium_Low,Good,No-Use
1030,32,Medium_High,High,0,Islam,No,Lawyer,High,Good,No-Use
1031,49,Medium_Low,Medium_High,4,Islam,No,Doctor,Medium_High,Good,No-Use
1032,47,Medium_Low,Medium_Low,4,Islam,No,Lawyer,Low,Good,No-Use
1033,42,High,High,1,Islam,No,Doctor,High,Good,No-Use
1034,48,High,High,4,Non_Islam,No,Engineer,High,Good,No-Use
1035,42,High,High,3,Islam,No,Engineer,High,Good,No-Use
1036,37,High,High,2,Islam,No,Engineer,High,Good,No-Use
1037,23,Medium_High,Medium_High,1,Islam,Yes,Doctor,High,Good,No-Use
1038,24,Medium_High,High,0,Islam,Yes,Doctor,Medium_High,Good,No-Use
1039,43,Medium_Low,Medium_High,3,Non_Islam,No,Doctor,Medium_High,Good,No-Use
1040,24,Medium_High,Medium_High,2,Islam,Yes,Lawyer,Medium_Low,Good,No-Use
1041,29,Medium_Low,High,0,Islam,Yes,Lawyer,High,Good,No-Use
1042,45,Low,Low,0,Non_Islam,Yes,Doctor,Low,Good,No-Use
1043,31,High,High,3,Islam,Yes,Doctor,Medium_High,Good,No-Use
1044,44,Low,High,9,Islam,No,Engineer,Medium_Low,Good,No-Use
1045,28,Medium_Low,Medium_High,1,Islam,No,Lawyer,Low,Good,No-Use
1046,28,Medium_High,High,1,Non_Islam,No,Doctor,Medium_Low,Good,No-Use
1047,33,Low,Medium_Low,0,Islam,Yes,Lawyer,Medium_High,Good,No-Use
1048,43,High,High,6,Islam,No,Engineer,Medium_High,Good,No-Use
1049,34,Medium_High,High,4,Islam,No,Engineer,Medium_High,Good,No-Use
1050,36,Low,High,2,Islam,No,Doctor,Medium_Low,Good,No-Use
1051,22,High,High,0,Islam,Yes,Doctor,High,Good,No-Use
1052,35,Medium_Low,Medium_High,8,Islam,No,Lawyer,Medium_High,Not Good,No-Use
1053,25,High,High,1,Islam,No,Engineer,High,Good,No-Use
1054,43,Low,Medium_Low,8,Islam,No,Doctor,Medium_Low,Not Good,No-Use
1055,46,Low,High,8,Islam,No,Engineer,High,Not Good,No-Use
1056,27,Medium_High,High,2,Islam,No,Engineer,Medium_High,Good,No-Use
1057,30,Low,Low,7,Islam,No,Doctor,Medium_High,Good,No-Use
1058,25,High,High,1,Islam,No,Lawyer,High,Good,No-Use
1059,42,High,High,1,Islam,Yes,Engineer,High,Good,No-Use
1060,30,Low,Medium_High,1,Islam,No,Lawyer,High,Good,No-Use
1061,27,Medium_High,Medium_High,4,Islam,No,Doctor,High,Good,No-Use
1062,45,Medium_Low,Medium_High,11,Islam,No,Doctor,Medium_High,Good,No-Use
1063,29,Medium_High,High,2,Islam,No,Engineer,Medium_High,Good,No-Use
1064,36,Low,High,1,Islam,No,Lawyer,Medium_High,Good,No-Use
1065,49,Low,Medium_Low,8,Islam,No,Lawyer,Low,Not Good,No-Use
1066,47,Low,High,7,Islam,No,Doctor,Medium_High,Good,No-Use
1067,30,High,High,4,Islam,No,Doctor,High,Good,No-Use
1068,24,Medium_Low,Medium_High,2,Islam,No,Lawyer,Low,Good,No-Use
1069,48,Low,Low,6,Islam,No,Doctor,Medium_High,Not Good,No-Use
1070,47,Low,Medium_Low,2,Islam,No,Doctor,Medium_High,Not Good,No-Use
1071,24,Medium_High,High,1,Islam,Yes,Lawyer,Medium_High,Good,No-Use
1072,48,Medium_High,High,5,Islam,No,Doctor,Medium_High,Good,No-Use
1073,38,Low,Medium_Low,8,Islam,No,Lawyer,Medium_High,Not Good,No-Use
1074,45,Medium_High,High,0,Islam,No,Engineer,Medium_High,Good,No-Use
1075,43,High,High,3,Non_Islam,No,Doctor,High,Good,No-Use
1076,33,Low,Low,5,Islam,No,Lawyer,Low,Not Good,No-Use
1077,37,Medium_High,High,7,Islam,No,Lawyer,High,Good,No-Use
1078,36,Medium_Low,Low,6,Islam,No,Doctor,Medium_High,Good,No-Use
1079,25,Medium_High,High,3,Islam,No,Engineer,Low,Good,No-Use
1080,49,High,High,6,Non_Islam,Yes,Engineer,High,Good,No-Use
1081,30,High,High,1,Islam,Yes,Engineer,High,Good,No-Use
1082,35,High,High,5,Islam,No,Engineer,High,Good,No-Use
1083,28,Medium_Low,High,0,Islam,No,Lawyer,Low,Good,No-Use
1084,30,High,Medium_Low,0,Islam,Yes,Lawyer,Medium_High,Good,No-Use
1085,27,High,High,2,Islam,Yes,Engineer,High,Good,No-Use
1086,45,Medium_Low,High,8,Islam,No,Doctor,Medium_High,Good,No-Use
1087,46,Medium_High,Low,5,Islam,No,Lawyer,Medium_Low,Good,No-Use
1088,28,Low,High,0,Islam,Yes,Priest,Low,Good,No-Use
1089,21,Medium_Low,High,0,Islam,No,Doctor,Medium_Low,Good,No-Use
1090,20,Medium_High,High,2,Islam,No,Lawyer,Medium_High,Good,No-Use
1091,28,Medium_High,Medium_High,5,Islam,No,Lawyer,Medium_High,Good,No-Use
1092,25,Medium_High,Medium_High,1,Islam,No,Doctor,Medium_Low,Good,No-Use
1093,38,Low,Medium_Low,6,Islam,No,Doctor,Low,Not Good,No-Use
1094,20,Medium_High,High,1,Islam,No,Lawyer,Medium_Low,Good,No-Use
1095,24,Medium_High,High,2,Islam,No,Doctor,High,Good,No-Use
1096,39,Medium_High,Low,1,Islam,No,Doctor,Medium_High,Good,No-Use
1097,25,Low,Medium_High,1,Islam,No,Priest,Medium_Low,Good,No-Use
1098,23,Medium_High,High,4,Islam,No,Lawyer,Low,Not Good,No-Use
1099,24,High,High,1,Islam,Yes,Engineer,Medium_High,Good,No-Use
1100,26,High,High,3,Islam,No,Engineer,High,Good,No-Use
1101,20,Medium_High,High,2,Islam,No,Lawyer,Medium_Low,Good,No-Use
1102,31,Medium_High,Medium_High,1,Islam,Yes,Lawyer,High,Good,No-Use
1103,22,High,High,0,Islam,No,Doctor,Low,Not Good,No-Use
1104,36,Medium_Low,Medium_High,6,Islam,No,Doctor,Medium_High,Good,No-Use
1105,45,Medium_High,High,0,Islam,No,Engineer,Medium_High,Good,No-Use
1106,47,Medium_Low,Medium_Low,7,Islam,No,Doctor,Medium_Low,Good,No-Use
1107,30,Medium_Low,Medium_High,1,Islam,No,Doctor,Low,Good,No-Use
1108,35,High,High,3,Islam,No,Engineer,High,Good,No-Use
1109,34,Medium_Low,Medium_Low,9,Islam,Yes,Doctor,Medium_High,Good,No-Use
1110,28,High,High,1,Islam,Yes,Engineer,Medium_High,Good,No-Use
1111,18,Medium_High,High,1,Islam,No,Lawyer,Medium_High,Good,No-Use
1112,25,Medium_Low,Medium_High,2,Islam,No,Lawyer,Medium_Low,Good,No-Use
1113,27,Medium_High,High,0,Islam,Yes,Lawyer,Medium_High,Good,No-Use
1114,21,High,High,1,Islam,No,Lawyer,High,Good,No-Use
1115,19,High,High,1,Islam,No,Engineer,Medium_High,Good,No-Use
1116,26,High,High,0,Islam,No,Lawyer,High,Good,No-Use
1117,28,High,High,5,Islam,No,Engineer,High,Good,No-Use
1118,38,Low,Medium_High,4,Islam,Yes,Doctor,Medium_Low,Good,No-Use
1119,39,Medium_Low,Medium_High,10,Islam,No,Lawyer,High,Good,No-Use
1120,45,Medium_Low,Medium_High,6,Islam,No,Lawyer,Medium_Low,Not Good,No-Use
1121,30,Medium_High,High,4,Non_Islam,No,Doctor,Medium_High,Good,No-Use
1122,47,Medium_Low,High,2,Islam,No,Lawyer,Medium_Low,Not Good,No-Use
1123,38,Medium_Low,Medium_Low,6,Islam,No,Lawyer,High,Good,No-Use
1124,42,Medium_High,Medium_High,5,Islam,No,Doctor,Medium_Low,Good,No-Use
1125,31,High,High,2,Islam,No,Engineer,Medium_Low,Good,No-Use
1126,44,Low,Medium_Low,2,Islam,No,Lawyer,Low,Good,No-Use
1127,42,High,High,3,Islam,Yes,Engineer,High,Good,No-Use
1128,28,High,High,2,Islam,No,Engineer,Medium_High,Good,No-Use
1129,34,Medium_Low,High,6,Islam,Yes,Lawyer,High,Good,No-Use
1130,45,Low,Medium_High,7,Islam,Yes,Engineer,Medium_High,Good,No-Use
1131,43,High,High,5,Islam,No,Engineer,Medium_High,Good,No-Use
1132,28,Medium_High,High,0,Islam,Yes,Lawyer,High,Good,No-Use
1133,27,Medium_High,High,0,Islam,No,Lawyer,Medium_High,Good,No-Use
1134,26,Medium_Low,Medium_High,1,Islam,Yes,Priest,High,Good,No-Use
1135,26,Medium_High,High,1,Non_Islam,No,Doctor,Medium_Low,Good,No-Use
1136,37,Medium_High,High,4,Islam,Yes,Doctor,High,Good,No-Use
1137,48,Medium_High,High,11,Islam,No,Engineer,High,Good,No-Use
1138,47,Medium_Low,Medium_High,12,Islam,No,Lawyer,Low,Good,No-Use
1139,22,Medium_Low,High,1,Islam,No,Lawyer,High,Good,No-Use
1140,48,High,High,1,Non_Islam,No,Engineer,High,Good,No-Use
1141,42,Low,Medium_High,12,Islam,No,Doctor,High,Good,No-Use
1142,32,High,High,3,Islam,No,Engineer,High,Good,No-Use
1143,33,High,High,3,Non_Islam,Yes,Engineer,Medium_High,Good,No-Use
1144,45,High,High,1,Islam,Yes,Engineer,High,Good,No-Use
1145,26,Medium_Low,Medium_High,1,Islam,Yes,Lawyer,High,Not Good,No-Use
1146,45,High,High,1,Islam,No,Engineer,High,Good,No-Use
1147,25,Medium_High,Medium_High,1,Islam,Yes,Doctor,High,Good,No-Use
1148,36,High,Medium_High,3,Islam,Yes,Lawyer,Medium_Low,Good,No-Use
1149,31,Medium_High,Medium_High,2,Islam,Yes,Lawyer,Medium_High,Good,No-Use
1150,22,Medium_High,High,2,Islam,No,Lawyer,Medium_High,Good,No-Use
1151,46,High,High,10,Islam,No,Engineer,Medium_High,Good,No-Use
1152,26,Medium_Low,Medium_High,3,Islam,No,Lawyer,High,Good,No-Use
1153,25,Medium_High,Medium_Low,1,Islam,Yes,Lawyer,Medium_High,Good,No-Use
1154,20,High,High,0,Non_Islam,Yes,Doctor,High,Good,No-Use
1155,31,Medium_High,High,3,Non_Islam,Yes,Doctor,High,Good,No-Use
1156,36,Medium_High,Medium_High,3,Non_Islam,Yes,Doctor,Medium_High,Not Good,No-Use
1157,47,Medium_High,Medium_Low,5,Islam,No,Priest,High,Good,No-Use
1158,43,Medium_High,High,2,Non_Islam,No,Lawyer,High,Good,No-Use
1159,20,Medium_High,High,0,Islam,No,Lawyer,Medium_High,Good,No-Use
1160,24,High,High,4,Islam,No,Engineer,High,Good,No-Use
1161,33,Medium_Low,Medium_Low,3,Non_Islam,Yes,Doctor,High,Good,No-Use
1162,41,Medium_High,High,3,Non_Islam,No,Doctor,High,Good,No-Use
1163,48,Medium_High,High,4,Non_Islam,No,Doctor,High,Good,No-Use
1164,32,High,High,1,Non_Islam,No,Engineer,High,Good,No-Use
1165,38,Medium_High,Medium_High,4,Non_Islam,Yes,Lawyer,Medium_Low,Not Good,No-Use
1166,48,Medium_High,High,8,Islam,No,Lawyer,Medium_High,Good,No-Use
1167,34,Low,Medium_High,4,Islam,Yes,Lawyer,High,Good,No-Use
1168,31,Low,Low,6,Islam,No,Lawyer,Medium_Low,Good,No-Use
1169,46,Low,Medium_Low,7,Islam,No,Lawyer,Low,Not Good,No-Use
1170,45,Medium_Low,Medium_Low,7,Islam,No,Lawyer,Low,Not Good,No-Use
1171,34,Medium_High,High,4,Non_Islam,No,Lawyer,Low,Not Good,No-Use
1172,16,Medium_Low,High,1,Islam,No,Lawyer,High,Good,No-Use
1173,18,Medium_High,Medium_Low,1,Islam,No,Lawyer,Low,Good,No-Use
1174,22,Medium_Low,Medium_Low,1,Islam,No,Lawyer,Low,Not Good,No-Use
1175,32,Medium_Low,Medium_Low,2,Islam,No,Doctor,High,Good,No-Use
1176,41,Low,Medium_High,3,Islam,Yes,Doctor,High,Good,No-Use
1177,22,Medium_High,Medium_High,2,Islam,No,Doctor,High,Good,No-Use
1178,23,Medium_High,Medium_Low,0,Islam,No,Doctor,Medium_Low,Good,No-Use
1179,22,Medium_High,High,0,Islam,Yes,Lawyer,High,Good,No-Use
1180,40,Medium_Low,Medium_Low,6,Islam,No,Doctor,Medium_Low,Not Good,No-Use
1181,29,Medium_High,High,1,Non_Islam,No,Doctor,Medium_High,Good,No-Use
1182,42,High,High,0,Non_Islam,Yes,Lawyer,High,Good,No-Use
1183,29,Medium_High,High,2,Islam,No,Lawyer,High,Good,No-Use
1184,31,Medium_High,Medium_Low,1,Islam,No,Lawyer,High,Good,No-Use
1185,28,High,High,3,Non_Islam,Yes,Engineer,High,Good,No-Use
1186,21,Medium_Low,Medium_High,0,Islam,No,Lawyer,High,Good,No-Use
1187,26,High,High,2,Islam,No,Engineer,Medium_High,Good,No-Use
1188,37,Medium_High,High,0,Islam,No,Lawyer,High,Good,No-Use
1189,24,Medium_High,High,2,Islam,No,Doctor,Medium_Low,Good,No-Use
1190,25,High,High,0,Non_Islam,No,Doctor,High,Good,No-Use
1191,22,Medium_Low,Low,0,Islam,No,Doctor,Medium_Low,Good,No-Use
1192,45,High,High,1,Islam,No,Engineer,High,Good,No-Use
1193,47,High,High,1,Islam,No,Engineer,High,Good,No-Use
1194,28,High,High,5,Islam,Yes,Lawyer,High,Good,No-Use
1195,24,Medium_Low,Medium_Low,4,Islam,No,Lawyer,High,Good,No-Use
1196,34,Medium_High,Medium_High,6,Islam,No,Doctor,Medium_High,Good,No-Use
1197,47,Medium_Low,Medium_High,5,Islam,No,Engineer,Low,Good,No-Use
1198,31,Medium_High,High,2,Islam,No,Engineer,High,Good,No-Use
1199,26,Low,Medium_High,1,Islam,No,Lawyer,Low,Good,No-Use
1200,25,High,High,3,Islam,No,Engineer,Medium_Low,Good,No-Use
1201,47,Low,Low,4,Islam,No,Doctor,Medium_Low,Good,No-Use
1202,48,Low,Low,8,Islam,No,Engineer,Low,Not Good,No-Use
1203,38,Medium_Low,Medium_Low,10,Islam,No,Lawyer,Medium_Low,Good,No-Use
1204,32,Low,Medium_High,4,Islam,No,Doctor,Medium_Low,Not Good,No-Use
1205,47,Low,Medium_Low,2,Islam,No,Doctor,High,Good,No-Use
1206,27,High,High,3,Islam,No,Engineer,High,Good,No-Use
1207,40,Low,Low,0,Islam,No,Lawyer,Medium_Low,Good,No-Use
1208,46,High,High,6,Islam,No,Engineer,High,Good,No-Use
1209,33,Medium_High,Medium_High,3,Islam,No,Lawyer,High,Good,No-Use
1210,49,Low,Medium_Low,5,Islam,Yes,Doctor,Medium_Low,Not Good,No-Use
1211,21,Medium_Low,High,3,Islam,No,Lawyer,Medium_Low,Good,No-Use
1212,31,High,High,0,Non_Islam,Yes,Doctor,High,Good,No-Use
1213,42,High,High,4,Islam,No,Lawyer,High,Good,Long-Term
1214,35,High,High,3,Islam,No,Engineer,High,Good,Long-Term
1215,31,High,High,4,Islam,No,Lawyer,Medium_High,Good,Long-Term
1216,42,High,High,6,Islam,No,Engineer,Medium_High,Good,Long-Term
1217,49,Medium_High,High,4,Islam,No,Lawyer,High,Good,Long-Term
1218,21,High,High,1,Islam,No,Engineer,Medium_High,Good,Long-Term
1219,28,Medium_High,High,3,Islam,No,Engineer,High,Good,Long-Term
1220,22,High,High,1,Islam,No,Engineer,Medium_High,Good,Long-Term
1221,36,High,High,3,Islam,Yes,Engineer,High,Good,Long-Term
1222,45,Medium_Low,Medium_Low,9,Islam,No,Lawyer,Medium_High,Good,Long-Term
1223,40,High,High,4,Islam,No,Engineer,High,Good,Long-Term
1224,30,Medium_Low,Medium_Low,7,Islam,No,Lawyer,High,Good,Long-Term
1225,35,High,High,5,Islam,Yes,Engineer,High,Good,Long-Term
1226,26,Medium_Low,High,2,Islam,No,Engineer,High,Good,Long-Term
1227,45,High,High,3,Islam,No,Engineer,High,Good,Long-Term
1228,27,Medium_High,Medium_High,2,Islam,No,Lawyer,High,Good,Long-Term
1229,32,High,High,4,Islam,No,Engineer,Medium_Low,Good,Long-Term
1230,27,High,High,3,Islam,No,Engineer,Medium_High,Good,Long-Term
1231,28,High,High,2,Non_Islam,No,Engineer,High,Good,Long-Term
1232,30,High,High,3,Islam,No,Doctor,Low,Good,Long-Term
1233,34,High,High,4,Islam,No,Doctor,High,Good,Long-Term
1234,26,Medium_High,High,3,Islam,No,Doctor,Medium_High,Good,Long-Term
1235,44,Low,High,2,Islam,No,Engineer,Medium_High,Good,Long-Term
1236,29,High,High,3,Islam,No,Engineer,High,Good,Long-Term
1237,26,Medium_High,High,2,Islam,No,Lawyer,Medium_High,Good,Long-Term
1238,41,High,High,8,Islam,No,Engineer,High,Good,Long-Term
1239,32,Medium_High,Medium_High,4,Islam,Yes,Lawyer,Medium_High,Good,Long-Term
1240,23,Medium_High,Low,1,Islam,Yes,Lawyer,Medium_High,Good,Long-Term
1241,38,Medium_Low,Medium_High,4,Islam,No,Engineer,Medium_Low,Good,Long-Term
1242,22,High,High,1,Islam,Yes,Doctor,Medium_Low,Good,Long-Term
1243,34,Medium_High,High,3,Non_Islam,No,Engineer,High,Good,Long-Term
1244,38,Medium_High,High,7,Non_Islam,No,Doctor,Medium_High,Good,Long-Term
1245,21,High,High,1,Islam,No,Engineer,High,Good,Long-Term
1246,43,Low,Medium_High,4,Islam,No,Engineer,High,Good,Long-Term
1247,44,Medium_High,Medium_High,9,Islam,No,Engineer,Low,Good,Long-Term
1248,24,High,High,1,Islam,No,Doctor,High,Good,Long-Term
1249,27,High,High,1,Islam,Yes,Lawyer,Medium_High,Good,Long-Term
1250,34,Medium_High,High,4,Islam,No,Lawyer,Medium_High,Good,Long-Term
1251,29,Medium_High,High,2,Islam,No,Engineer,High,Good,Long-Term
1252,26,High,High,1,Islam,Yes,Doctor,Medium_High,Good,Long-Term
1253,37,High,High,7,Islam,No,Engineer,High,Good,Long-Term
1254,21,Medium_High,High,3,Islam,No,Engineer,High,Good,Long-Term
1255,47,High,High,4,Non_Islam,No,Doctor,High,Good,Long-Term
1256,41,High,High,3,Islam,Yes,Doctor,Medium_High,Good,Long-Term
1257,29,Medium_High,High,3,Islam,No,Engineer,Medium_High,Good,Long-Term
1258,25,High,High,1,Islam,Yes,Engineer,High,Good,Long-Term
1259,33,High,High,2,Non_Islam,Yes,Engineer,Medium_High,Good,Long-Term
1260,23,High,High,1,Non_Islam,No,Engineer,High,Good,Long-Term
1261,32,High,High,4,Islam,No,Doctor,Medium_High,Good,Long-Term
1262,45,High,High,3,Islam,No,Engineer,High,Good,Long-Term
1263,37,High,High,4,Islam,No,Engineer,High,Good,Long-Term
1264,35,Medium_Low,High,4,Non_Islam,No,Lawyer,Medium_Low,Good,Long-Term
1265,37,High,High,3,Islam,No,Lawyer,High,Good,Long-Term
1266,35,High,High,5,Islam,No,Doctor,High,Good,Long-Term
1267,23,High,High,1,Islam,No,Lawyer,Medium_High,Good,Long-Term
1268,38,Medium_Low,Medium_Low,8,Islam,No,Doctor,Medium_Low,Good,Long-Term
1269,41,High,High,4,Non_Islam,Yes,Doctor,High,Good,Long-Term
1270,35,Low,Medium_Low,9,Islam,Yes,Lawyer,Low,Good,Long-Term
1271,29,High,High,3,Islam,No,Lawyer,Medium_Low,Good,Long-Term
1272,26,Medium_High,Medium_High,2,Islam,No,Engineer,Medium_High,Good,Long-Term
1273,22,Medium_High,Medium_High,2,Islam,No,Lawyer,Medium_High,Good,Long-Term
1274,30,Medium_Low,Medium_High,5,Islam,No,Lawyer,Low,Not Good,Long-Term
1275,36,High,High,3,Islam,No,Lawyer,Medium_High,Good,Long-Term
1276,26,Medium_High,High,3,Islam,No,Engineer,High,Good,Long-Term
1277,32,High,High,2,Islam,Yes,Lawyer,High,Good,Long-Term
1278,39,High,High,3,Non_Islam,No,Doctor,High,Good,Long-Term
1279,29,Medium_High,High,3,Islam,No,Engineer,Medium_High,Good,Long-Term
1280,40,High,High,5,Islam,No,Engineer,Medium_High,Good,Long-Term
1281,43,Medium_High,Medium_High,6,Islam,Yes,Lawyer,Medium_Low,Good,Long-Term
1282,44,Medium_High,High,6,Islam,No,Lawyer,Medium_Low,Good,Long-Term
1283,24,High,High,2,Islam,No,Doctor,High,Good,Long-Term
1284,42,High,High,3,Islam,Yes,Engineer,High,Good,Long-Term
1285,33,Medium_High,High,2,Islam,No,Engineer,High,Good,Long-Term
1286,24,High,High,1,Non_Islam,No,Doctor,Medium_High,Good,Long-Term
1287,28,Medium_High,High,2,Non_Islam,No,Doctor,Medium_High,Good,Long-Term
1288,32,Medium_Low,Low,5,Islam,Yes,Doctor,Medium_Low,Good,Long-Term
1289,26,Medium_Low,Medium_Low,4,Islam,No,Lawyer,High,Good,Long-Term
1290,27,High,High,1,Islam,No,Engineer,High,Good,Long-Term
1291,41,Medium_High,High,3,Non_Islam,No,Doctor,High,Good,Long-Term
1292,28,Medium_High,High,2,Non_Islam,No,Lawyer,Medium_High,Good,Long-Term
1293,23,High,High,1,Islam,Yes,Lawyer,High,Good,Long-Term
1294,31,Medium_Low,Medium_Low,4,Islam,No,Priest,Medium_High,Not Good,Long-Term
1295,33,High,High,3,Non_Islam,No,Doctor,High,Good,Long-Term
1296,35,High,High,5,Islam,No,Engineer,High,Good,Long-Term
1297,39,Medium_High,High,5,Islam,No,Lawyer,High,Good,Long-Term
1298,27,High,High,2,Islam,No,Engineer,Medium_High,Good,Long-Term
1299,48,High,High,3,Non_Islam,No,Engineer,High,Good,Long-Term
1300,25,Medium_High,Low,2,Islam,Yes,Lawyer,High,Good,Long-Term
1301,38,High,High,4,Islam,No,Doctor,High,Good,Long-Term
1302,48,High,High,7,Islam,Yes,Engineer,High,Good,Long-Term
1303,34,High,High,4,Islam,Yes,Lawyer,Medium_High,Good,Long-Term
1304,36,Medium_High,Medium_High,4,Islam,No,Engineer,Medium_High,Good,Long-Term
1305,34,High,High,3,Islam,Yes,Lawyer,High,Good,Long-Term
1306,42,High,High,4,Non_Islam,Yes,Doctor,High,Good,Long-Term
1307,45,Medium_High,Medium_High,5,Non_Islam,No,Engineer,Medium_High,Good,Long-Term
1308,37,High,High,4,Non_Islam,No,Doctor,High,Good,Long-Term
1309,38,High,High,3,Non_Islam,Yes,Doctor,High,Good,Long-Term
1310,42,Medium_High,Medium_High,4,Non_Islam,No,Lawyer,High,Good,Long-Term
1311,42,Medium_Low,High,5,Non_Islam,No,Doctor,Medium_High,Good,Long-Term
1312,41,High,High,6,Islam,No,Engineer,High,Good,Long-Term
1313,43,High,High,5,Non_Islam,No,Engineer,High,Good,Long-Term
1314,34,High,High,2,Non_Islam,Yes,Lawyer,Medium_Low,Good,Long-Term
1315,44,Medium_Low,Medium_High,1,Non_Islam,No,Doctor,High,Good,Long-Term
1316,41,High,High,4,Non_Islam,No,Engineer,High,Good,Long-Term
1317,36,High,High,3,Islam,No,Engineer,High,Good,Long-Term
1318,34,Low,Medium_Low,5,Islam,No,Lawyer,High,Good,Long-Term
1319,32,Medium_High,Medium_Low,5,Islam,No,Lawyer,Medium_High,Good,Short-Term
1320,34,Medium_High,Medium_High,6,Islam,No,Engineer,High,Good,Short-Term
1321,24,High,High,2,Islam,Yes,Lawyer,Medium_High,Good,Short-Term
1322,21,Medium_High,Medium_High,1,Non_Islam,No,Lawyer,Medium_Low,Good,Short-Term
1323,38,High,Medium_High,9,Islam,No,Lawyer,Medium_High,Good,Short-Term
1324,39,High,High,3,Islam,Yes,Engineer,High,Good,Short-Term
1325,35,Medium_Low,Medium_Low,6,Islam,Yes,Doctor,Medium_Low,Not Good,Short-Term
1326,30,Medium_Low,Medium_High,7,Islam,No,Lawyer,Medium_High,Good,Short-Term
1327,17,Medium_High,High,1,Islam,No,Lawyer,Medium_High,Good,Short-Term
1328,32,Medium_Low,High,3,Islam,No,Lawyer,High,Good,Short-Term
1329,43,High,High,5,Non_Islam,No,Engineer,High,Good,Short-Term
1330,31,Medium_Low,Medium_Low,4,Islam,No,Lawyer,Medium_High,Good,Short-Term
1331,24,Low,Medium_Low,3,Islam,No,Lawyer,Medium_Low,Good,Short-Term
1332,26,Medium_Low,High,3,Islam,No,Engineer,Medium_High,Good,Short-Term
1333,35,Medium_High,High,4,Islam,Yes,Engineer,High,Good,Short-Term
1334,46,Medium_High,High,4,Islam,Yes,Lawyer,High,Good,Short-Term
1335,29,Medium_Low,Medium_High,3,Islam,No,Lawyer,Medium_High,Good,Short-Term
1336,21,Medium_High,High,1,Islam,Yes,Lawyer,High,Good,Short-Term
1337,31,High,High,5,Islam,Yes,Engineer,High,Good,Short-Term
1338,24,High,High,2,Islam,No,Lawyer,Medium_High,Good,Short-Term
1339,24,Medium_Low,High,3,Islam,No,Lawyer,Medium_High,Good,Short-Term
1340,36,High,High,4,Islam,No,Engineer,Medium_High,Good,Short-Term
1341,37,Medium_Low,Medium_High,9,Islam,No,Lawyer,Medium_High,Good,Short-Term
1342,37,Medium_High,Medium_High,6,Islam,No,Lawyer,Medium_High,Good,Short-Term
1343,37,Medium_High,Medium_High,11,Islam,No,Engineer,Medium_Low,Good,Short-Term
1344,44,High,High,4,Non_Islam,No,Doctor,Medium_High,Good,Short-Term
1345,35,Medium_Low,Medium_High,6,Islam,No,Doctor,Medium_High,Good,Short-Term
1346,25,High,High,3,Islam,No,Lawyer,Medium_High,Good,Short-Term
1347,21,High,High,2,Islam,No,Doctor,Medium_High,Good,Short-Term
1348,24,Low,Medium_Low,3,Islam,No,Lawyer,Medium_Low,Good,Short-Term
1349,16,Medium_Low,Medium_High,1,Islam,No,Lawyer,Low,Good,Short-Term
1350,21,Medium_High,Medium_Low,1,Islam,No,Lawyer,Low,Not Good,Short-Term
1351,25,Medium_Low,High,2,Islam,No,Doctor,High,Good,Short-Term
1352,26,High,High,1,Islam,Yes,Doctor,High,Good,Short-Term
1353,43,High,High,2,Islam,No,Engineer,High,Good,Short-Term
1354,24,High,High,1,Islam,No,Engineer,High,Good,Short-Term
1355,30,Medium_High,High,3,Non_Islam,No,Lawyer,Medium_High,Good,Short-Term
1356,30,Medium_Low,Medium_High,3,Islam,No,Lawyer,Medium_High,Good,Short-Term
1357,26,High,High,2,Islam,No,Lawyer,Medium_High,Good,Short-Term
1358,29,Medium_Low,High,4,Islam,No,Lawyer,Medium_Low,Good,Short-Term
1359,24,Medium_High,High,4,Islam,No,Lawyer,Low,Good,Short-Term
1360,29,Medium_High,Medium_High,2,Islam,No,Lawyer,Medium_Low,Good,Short-Term
1361,29,Low,Medium_Low,1,Islam,No,Lawyer,Medium_High,Good,Short-Term
1362,22,High,High,1,Islam,No,Doctor,High,Good,Short-Term
1363,30,Medium_High,Medium_High,4,Islam,Yes,Lawyer,Medium_Low,Good,Short-Term
1364,24,High,High,1,Islam,No,Doctor,Medium_High,Good,Short-Term
1365,25,High,High,2,Islam,No,Engineer,Medium_Low,Good,Short-Term
1366,44,High,High,5,Islam,Yes,Engineer,High,Good,Short-Term
1367,28,Medium_Low,Medium_High,3,Islam,No,Doctor,High,Good,Short-Term
1368,22,Medium_High,Medium_High,1,Islam,No,Lawyer,Medium_Low,Good,Short-Term
1369,30,Medium_Low,Medium_Low,6,Islam,Yes,Doctor,Medium_High,Good,Short-Term
1370,25,Medium_High,High,3,Islam,No,Doctor,High,Good,Short-Term
1371,25,High,High,2,Islam,No,Lawyer,Medium_High,Good,Short-Term
1372,33,High,High,2,Islam,Yes,Engineer,High,Good,Short-Term
1373,33,Medium_High,Medium_High,4,Islam,Yes,Doctor,Medium_High,Good,Short-Term
1374,26,Medium_High,Medium_High,2,Islam,Yes,Doctor,Medium_Low,Good,Short-Term
1375,29,Medium_High,High,5,Islam,No,Lawyer,Medium_High,Good,Short-Term
1376,32,Medium_High,Medium_High,4,Islam,No,Doctor,Low,Good,Short-Term
1377,30,High,High,1,Islam,Yes,Lawyer,Medium_Low,Good,Short-Term
1378,37,High,High,1,Non_Islam,No,Engineer,High,Good,Short-Term
1379,31,Low,Medium_Low,4,Islam,No,Lawyer,Medium_High,Good,Short-Term
1380,36,Low,Medium_Low,4,Islam,No,Lawyer,Low,Not Good,Short-Term
1381,36,Medium_Low,Medium_Low,7,Islam,Yes,Doctor,Medium_Low,Not Good,Short-Term
1382,26,Medium_High,High,2,Islam,Yes,Doctor,High,Good,Short-Term
1383,36,High,High,3,Islam,No,Engineer,High,Good,Short-Term
1384,28,High,High,1,Islam,No,Doctor,High,Good,Short-Term
1385,33,High,High,5,Islam,No,Lawyer,Medium_High,Good,Short-Term
1386,25,Medium_High,High,2,Islam,Yes,Doctor,High,Good,Short-Term
1387,31,High,High,2,Non_Islam,No,Engineer,High,Good,Short-Term
1388,38,High,High,4,Islam,Yes,Engineer,High,Good,Short-Term
1389,35,Low,Medium_Low,5,Islam,No,Lawyer,Medium_High,Good,Short-Term
1390,33,High,High,3,Non_Islam,Yes,Doctor,High,Good,Short-Term
1391,30,Medium_Low,Medium_Low,2,Islam,No,Lawyer,Medium_Low,Good,Short-Term
1392,20,Medium_High,Medium_High,2,Islam,No,Doctor,Medium_Low,Not Good,Short-Term
1393,18,Medium_High,Medium_High,1,Islam,No,Doctor,Medium_Low,Good,Short-Term
1394,30,Medium_High,Medium_Low,3,Islam,No,Lawyer,Medium_High,Good,Short-Term
1395,35,Medium_Low,Medium_High,6,Islam,Yes,Lawyer,Medium_Low,Good,Short-Term
1396,22,Medium_High,Medium_High,2,Islam,No,Lawyer,Low,Good,Short-Term
1397,28,Medium_Low,High,7,Islam,No,Lawyer,Medium_High,Good,Short-Term
1398,21,Medium_High,Medium_High,1,Islam,No,Lawyer,Low,Good,Short-Term
1399,27,Medium_High,High,4,Islam,No,Lawyer,High,Good,Short-Term
1400,30,Medium_High,High,3,Islam,No,Lawyer,Medium_High,Good,Short-Term
1401,25,Medium_High,High,2,Islam,No,Lawyer,Medium_High,Good,Short-Term
1402,26,High,High,3,Islam,No,Lawyer,Medium_Low,Good,Short-Term
1403,37,Medium_Low,High,5,Islam,No,Engineer,High,Good,Short-Term
1404,47,Low,Medium_High,9,Islam,Yes,Lawyer,Medium_High,Good,Short-Term
1405,36,Low,Low,5,Islam,No,Lawyer,Medium_High,Good,Short-Term
1406,36,Medium_Low,Medium_High,6,Islam,No,Doctor,High,Good,Short-Term
1407,36,High,High,3,Islam,No,Doctor,High,Good,Short-Term
1408,28,High,High,4,Islam,No,Lawyer,High,Good,Short-Term
1409,21,High,High,2,Islam,No,Lawyer,Medium_High,Good,Short-Term
1410,25,High,High,2,Islam,No,Doctor,Medium_High,Good,Short-Term
1411,30,Medium_High,High,3,Islam,No,Lawyer,High,Good,Short-Term
1412,22,Medium_High,Medium_High,3,Islam,No,Lawyer,Medium_High,Good,Short-Term
1413,23,High,Medium_High,2,Islam,Yes,Doctor,Medium_High,Good,Short-Term
1414,36,Medium_High,High,9,Islam,No,Lawyer,High,Good,Short-Term
1415,28,High,Medium_High,2,Islam,No,Lawyer,Medium_Low,Good,Short-Term
1416,46,Medium_Low,Medium_Low,5,Islam,No,Doctor,High,Good,Short-Term
1417,47,High,High,5,Islam,No,Lawyer,Medium_Low,Good,Short-Term
1418,41,Low,High,5,Islam,Yes,Doctor,High,Good,Short-Term
1419,44,High,High,5,Islam,No,Lawyer,High,Good,Short-Term
1420,34,Medium_Low,Medium_High,3,Non_Islam,No,Lawyer,Medium_Low,Not Good,Short-Term
1421,37,Medium_Low,Medium_High,6,Islam,No,Lawyer,High,Good,Short-Term
1422,34,High,High,2,Non_Islam,No,Engineer,High,Good,Short-Term
1423,22,Medium_Low,High,2,Islam,No,Lawyer,Medium_Low,Good,Short-Term
1424,33,Medium_Low,Medium_High,4,Islam,No,Doctor,Medium_High,Good,Short-Term
1425,21,Medium_High,High,3,Islam,No,Lawyer,Low,Good,Short-Term
1426,31,High,High,4,Islam,Yes,Lawyer,High,Good,Short-Term
1427,41,High,Medium_High,5,Islam,Yes,Lawyer,High,Good,Short-Term
1428,30,High,Medium_High,4,Islam,No,Lawyer,Medium_High,Good,Short-Term
1429,32,Medium_Low,High,5,Islam,No,Lawyer,High,Good,Short-Term
1430,27,High,High,2,Non_Islam,Yes,Doctor,High,Good,Short-Term
1431,26,High,High,1,Non_Islam,Yes,Doctor,High,Good,Short-Term
1432,42,High,High,5,Non_Islam,No,Doctor,High,Good,Short-Term
1433,24,High,High,1,Islam,No,Engineer,Medium_High,Good,Short-Term
1434,37,High,High,6,Islam,No,Engineer,High,Good,Short-Term
1435,30,Medium_Low,Medium_High,5,Islam,Yes,Lawyer,High,Good,Short-Term
1436,27,High,High,1,Islam,No,Engineer,High,Good,Short-Term
1437,34,Medium_Low,High,6,Islam,No,Lawyer,Medium_High,Good,Short-Term
1438,32,Medium_High,High,5,Non_Islam,No,Engineer,High,Good,Short-Term
1439,28,High,High,1,Non_Islam,Yes,Doctor,High,Good,Short-Term
1440,29,Medium_High,Medium_High,1,Non_Islam,Yes,Doctor,High,Good,Short-Term
1441,42,High,High,3,Non_Islam,No,Doctor,High,Good,Short-Term
1442,21,Medium_Low,Medium_Low,0,Non_Islam,No,Priest,High,Good,Short-Term
1443,22,High,High,2,Islam,No,Lawyer,High,Good,Short-Term
1444,36,High,High,3,Non_Islam,No,Lawyer,High,Good,Short-Term
1445,45,Medium_Low,Medium_High,3,Non_Islam,Yes,Doctor,High,Good,Short-Term
1446,34,High,High,2,Non_Islam,Yes,Doctor,High,Good,Short-Term
1447,35,Medium_Low,Medium_High,5,Islam,No,Lawyer,Medium_High,Good,Short-Term
1448,19,High,High,1,Islam,No,Doctor,Medium_High,Good,Short-Term
1449,27,High,High,4,Islam,No,Lawyer,Medium_High,Good,Short-Term
1450,37,Medium_Low,High,4,Islam,Yes,Doctor,Medium_High,Good,Short-Term
1451,26,Medium_High,Medium_Low,4,Islam,No,Lawyer,High,Good,Short-Term
1452,28,Low,Medium_High,5,Islam,No,Lawyer,High,Good,Short-Term
1453,31,Medium_High,High,5,Islam,No,Engineer,High,Good,Short-Term
1454,32,Medium_Low,Medium_Low,6,Islam,No,Doctor,Medium_High,Good,Short-Term
1455,40,Medium_Low,Medium_Low,4,Non_Islam,Yes,Doctor,High,Good,Short-Term
1456,27,Medium_High,Medium_High,5,Islam,No,Doctor,High,Good,Short-Term
1457,27,Medium_Low,Medium_Low,3,Islam,No,Doctor,Medium_Low,Not Good,Short-Term
1458,37,High,High,5,Non_Islam,Yes,Doctor,High,Good,Short-Term
1459,22,High,Medium_High,1,Islam,No,Doctor,Medium_Low,Good,Short-Term
1460,27,High,High,4,Islam,No,Engineer,Medium_Low,Not Good,Short-Term
1461,21,High,High,1,Non_Islam,No,Doctor,High,Good,Short-Term
1462,30,Low,Medium_High,2,Islam,No,Lawyer,High,Good,Short-Term
1463,23,Medium_Low,Medium_Low,1,Islam,No,Doctor,High,Good,Short-Term
1464,25,Medium_Low,High,3,Islam,No,Engineer,Medium_High,Good,Short-Term
1465,42,Medium_Low,High,6,Islam,No,Doctor,High,Good,Short-Term
1466,29,High,High,3,Islam,No,Engineer,High,Good,Short-Term
1467,33,High,High,2,Islam,Yes,Doctor,High,Good,Short-Term
1468,33,High,High,3,Islam,No,Engineer,High,Good,Short-Term
1469,39,Medium_High,Medium_High,8,Islam,Yes,Engineer,High,Good,Short-Term
1470,33,Medium_High,Medium_High,4,Islam,Yes,Doctor,Medium_Low,Good,Short-Term
1471,17,Medium_High,Medium_High,1,Islam,No,Doctor,High,Good,Short-Term
